Datetime,Temperature
2015-01-01 00:00:00+00:00,-5.1
2015-01-01 03:00:00+00:00,9.1
2015-01-01 06:00:00+00:00,28.0
2015-01-01 09:00:00+00:00,34.5
2015-01-01 12:00:00+00:00,20.3
2015-01-01 18:00:00+00:00,13.8
2015-01-01 21:00:00+00:00,11.5
2015-01-02 00:00:00+00:00,11.7
2015-01-02 03:00:00+00:00,21.0
2015-01-02 06:00:00+00:00,31.8
2015-01-02 09:00:00+00:00,33.6
2015-01-02 12:00:00+00:00,20.7
2015-01-02 18:00:00+00:00,9.7
2015-01-02 21:00:00+00:00,7.0
2015-01-03 00:00:00+00:00,6.4
2015-01-03 03:00:00+00:00,23.9
2015-01-03 06:00:00+00:00,36.7
2015-01-03 09:00:00+00:00,39.4
2015-01-03 12:00:00+00:00,31.6
2015-01-03 18:00:00+00:00,23.9
2015-01-03 21:00:00+00:00,21.2
2015-01-04 00:00:00+00:00,21.0
2015-01-04 03:00:00+00:00,22.8
2015-01-04 06:00:00+00:00,25.2
2015-01-04 09:00:00+00:00,25.5
2015-01-04 12:00:00+00:00,22.3
2015-01-04 18:00:00+00:00,18.9
2015-01-04 21:00:00+00:00,13.5
2015-01-05 00:00:00+00:00,9.3
2015-01-05 03:00:00+00:00,15.4
2015-01-05 06:00:00+00:00,21.7
2015-01-05 09:00:00+00:00,18.1
2015-01-05 12:00:00+00:00,11.1
2015-01-05 18:00:00+00:00,2.3
2015-01-05 21:00:00+00:00,-1.8
2015-01-06 00:00:00+00:00,-2.2
2015-01-06 03:00:00+00:00,9.0
2015-01-06 06:00:00+00:00,16.0
2015-01-06 09:00:00+00:00,19.4
2015-01-06 12:00:00+00:00,8.4
2015-01-06 18:00:00+00:00,1.9
2015-01-06 21:00:00+00:00,3.2
2015-01-07 00:00:00+00:00,-4.9
2015-01-07 03:00:00+00:00,1.8
2015-01-07 06:00:00+00:00,14.7
2015-01-07 09:00:00+00:00,18.5
2015-01-07 12:00:00+00:00,12.4
2015-01-07 18:00:00+00:00,4.8
2015-01-07 21:00:00+00:00,3.7
2015-01-08 00:00:00+00:00,1.8
2015-01-08 03:00:00+00:00,4.8
2015-01-08 06:00:00+00:00,10.0
2015-01-08 09:00:00+00:00,12.9
2015-01-08 12:00:00+00:00,6.4
2015-01-08 18:00:00+00:00,-9.0
2015-01-08 21:00:00+00:00,-13.0
2015-01-09 00:00:00+00:00,-15.9
2015-01-09 03:00:00+00:00,-3.3
2015-01-09 06:00:00+00:00,9.5
2015-01-09 09:00:00+00:00,13.8
2015-01-09 12:00:00+00:00,1.2
2015-01-09 18:00:00+00:00,-8.7
2015-01-09 21:00:00+00:00,-13.0
2015-01-10 00:00:00+00:00,-16.6
2015-01-10 03:00:00+00:00,-3.1
2015-01-10 06:00:00+00:00,10.8
2015-01-10 09:00:00+00:00,16.9
2015-01-10 12:00:00+00:00,5.9
2015-01-10 18:00:00+00:00,-7.8
2015-01-10 21:00:00+00:00,-11.4
2015-01-11 00:00:00+00:00,-13.9
2015-01-11 03:00:00+00:00,-0.8
2015-01-11 06:00:00+00:00,14.5
2015-01-11 09:00:00+00:00,20.3
2015-01-11 12:00:00+00:00,10.2
2015-01-11 18:00:00+00:00,-5.1
2015-01-11 21:00:00+00:00,-8.9
2015-01-12 00:00:00+00:00,-13.9
2015-01-12 03:00:00+00:00,2.5
2015-01-12 06:00:00+00:00,17.6
2015-01-12 09:00:00+00:00,25.0
2015-01-12 12:00:00+00:00,12.7
2015-01-12 18:00:00+00:00,12.0
2015-01-12 21:00:00+00:00,4.3
2015-01-13 00:00:00+00:00,1.4
2015-01-13 03:00:00+00:00,11.1
2015-01-13 06:00:00+00:00,25.3
2015-01-13 09:00:00+00:00,24.3
2015-01-13 12:00:00+00:00,16.3
2015-01-13 18:00:00+00:00,7.9
2015-01-13 21:00:00+00:00,3.4
2015-01-14 00:00:00+00:00,2.7
2015-01-14 03:00:00+00:00,11.3
2015-01-14 06:00:00+00:00,26.1
2015-01-14 09:00:00+00:00,29.1
2015-01-14 12:00:00+00:00,20.5
2015-01-14 18:00:00+00:00,9.7
2015-01-14 21:00:00+00:00,4.5
2015-01-15 00:00:00+00:00,0.5
2015-01-15 03:00:00+00:00,10.8
2015-01-15 06:00:00+00:00,26.4
2015-01-15 09:00:00+00:00,26.6
2015-01-15 12:00:00+00:00,19.9
2015-01-15 18:00:00+00:00,3.2
2015-01-15 21:00:00+00:00,0.3
2015-01-16 00:00:00+00:00,-2.2
2015-01-16 03:00:00+00:00,11.5
2015-01-16 06:00:00+00:00,23.5
2015-01-16 09:00:00+00:00,24.8
2015-01-16 12:00:00+00:00,18.7
2015-01-16 18:00:00+00:00,7.9
2015-01-16 21:00:00+00:00,6.3
2015-01-17 00:00:00+00:00,-1.5
2015-01-17 03:00:00+00:00,3.4
2015-01-17 06:00:00+00:00,11.5
2015-01-17 09:00:00+00:00,14.0
2015-01-17 12:00:00+00:00,4.5
2015-01-17 18:00:00+00:00,-9.0
2015-01-17 21:00:00+00:00,-13.2
2015-01-18 00:00:00+00:00,-16.4
2015-01-18 03:00:00+00:00,-1.5
2015-01-18 06:00:00+00:00,13.1
2015-01-18 09:00:00+00:00,18.7
2015-01-18 12:00:00+00:00,6.8
2015-01-18 18:00:00+00:00,-6.0
2015-01-18 21:00:00+00:00,-10.5
2015-01-19 00:00:00+00:00,-15.5
2015-01-19 03:00:00+00:00,-0.2
2015-01-19 06:00:00+00:00,16.3
2015-01-19 09:00:00+00:00,18.5
2015-01-19 12:00:00+00:00,10.6
2015-01-19 18:00:00+00:00,-3.8
2015-01-19 21:00:00+00:00,-2.9
2015-01-20 00:00:00+00:00,-5.3
2015-01-20 03:00:00+00:00,6.3
2015-01-20 06:00:00+00:00,16.7
2015-01-20 09:00:00+00:00,17.1
2015-01-20 12:00:00+00:00,12.9
2015-01-20 18:00:00+00:00,-4.2
2015-01-20 21:00:00+00:00,-4.5
2015-01-21 00:00:00+00:00,-11.2
2015-01-21 03:00:00+00:00,4.1
2015-01-21 06:00:00+00:00,22.1
2015-01-21 09:00:00+00:00,28.6
2015-01-21 12:00:00+00:00,19.8
2015-01-21 18:00:00+00:00,8.1
2015-01-21 21:00:00+00:00,3.2
2015-01-22 00:00:00+00:00,-2.4
2015-01-22 03:00:00+00:00,13.8
2015-01-22 06:00:00+00:00,30.6
2015-01-22 09:00:00+00:00,31.5
2015-01-22 12:00:00+00:00,22.3
2015-01-22 18:00:00+00:00,9.3
2015-01-22 21:00:00+00:00,12.6
2015-01-23 00:00:00+00:00,9.5
2015-01-23 03:00:00+00:00,16.2
2015-01-23 06:00:00+00:00,32.7
2015-01-23 09:00:00+00:00,26.6
2015-01-23 12:00:00+00:00,22.3
2015-01-23 18:00:00+00:00,12.2
2015-01-23 21:00:00+00:00,5.2
2015-01-24 00:00:00+00:00,-1.1
2015-01-24 03:00:00+00:00,14.5
2015-01-24 06:00:00+00:00,26.2
2015-01-24 09:00:00+00:00,26.1
2015-01-24 12:00:00+00:00,16.2
2015-01-24 18:00:00+00:00,3.6
2015-01-24 21:00:00+00:00,-3.3
2015-01-25 00:00:00+00:00,-3.3
2015-01-25 03:00:00+00:00,12.9
2015-01-25 06:00:00+00:00,29.8
2015-01-25 09:00:00+00:00,32.2
2015-01-25 12:00:00+00:00,25.0
2015-01-25 18:00:00+00:00,5.4
2015-01-25 21:00:00+00:00,-0.2
2015-01-26 00:00:00+00:00,-3.5
2015-01-26 03:00:00+00:00,9.9
2015-01-26 06:00:00+00:00,32.7
2015-01-26 09:00:00+00:00,32.0
2015-01-26 12:00:00+00:00,24.1
2015-01-26 18:00:00+00:00,27.9
2015-01-26 21:00:00+00:00,22.3
2015-01-27 00:00:00+00:00,12.9
2015-01-27 03:00:00+00:00,24.1
2015-01-27 06:00:00+00:00,31.5
2015-01-27 09:00:00+00:00,33.8
2015-01-27 12:00:00+00:00,28.8
2015-01-27 18:00:00+00:00,27.0
2015-01-27 21:00:00+00:00,21.9
2015-01-28 00:00:00+00:00,12.7
2015-01-28 03:00:00+00:00,22.8
2015-01-28 06:00:00+00:00,28.0
2015-01-28 09:00:00+00:00,30.7
2015-01-28 12:00:00+00:00,25.2
2015-01-28 18:00:00+00:00,11.8
2015-01-28 21:00:00+00:00,4.8
2015-01-29 00:00:00+00:00,-1.3
2015-01-29 03:00:00+00:00,14.4
2015-01-29 06:00:00+00:00,23.5
2015-01-29 09:00:00+00:00,21.7
2015-01-29 12:00:00+00:00,18.3
2015-01-29 18:00:00+00:00,14.4
2015-01-29 21:00:00+00:00,11.5
2015-01-30 00:00:00+00:00,10.9
2015-01-30 03:00:00+00:00,12.2
2015-01-30 06:00:00+00:00,18.1
2015-01-30 09:00:00+00:00,18.3
2015-01-30 18:00:00+00:00,2.3
2015-01-30 21:00:00+00:00,5.7
2015-01-31 00:00:00+00:00,3.9
2015-01-31 03:00:00+00:00,9.9
2015-01-31 06:00:00+00:00,16.5
2015-01-31 09:00:00+00:00,16.0
2015-01-31 12:00:00+00:00,13.3
2015-01-31 18:00:00+00:00,8.2
2015-01-31 21:00:00+00:00,1.2
2015-02-01 00:00:00+00:00,-0.0
2015-02-01 03:00:00+00:00,15.4
2015-02-01 06:00:00+00:00,21.2
2015-02-01 09:00:00+00:00,22.8
2015-02-01 12:00:00+00:00,19.8
2015-02-01 18:00:00+00:00,12.0
2015-02-01 21:00:00+00:00,14.5
2015-02-02 00:00:00+00:00,8.2
2015-02-02 03:00:00+00:00,21.0
2015-02-02 06:00:00+00:00,27.7
2015-02-02 09:00:00+00:00,25.9
2015-02-02 12:00:00+00:00,21.6
2015-02-02 18:00:00+00:00,7.7
2015-02-02 21:00:00+00:00,2.5
2015-02-03 00:00:00+00:00,-2.4
2015-02-03 03:00:00+00:00,9.3
2015-02-03 06:00:00+00:00,27.7
2015-02-03 09:00:00+00:00,28.6
2015-02-03 12:00:00+00:00,17.1
2015-02-03 18:00:00+00:00,1.9
2015-02-03 21:00:00+00:00,-1.8
2015-02-04 00:00:00+00:00,0.9
2015-02-04 03:00:00+00:00,10.6
2015-02-04 06:00:00+00:00,29.7
2015-02-04 09:00:00+00:00,27.3
2015-02-04 12:00:00+00:00,17.6
2015-02-04 18:00:00+00:00,11.8
2015-02-04 21:00:00+00:00,3.4
2015-02-05 00:00:00+00:00,-3.8
2015-02-05 03:00:00+00:00,17.2
2015-02-05 06:00:00+00:00,24.4
2015-02-05 09:00:00+00:00,27.1
2015-02-05 12:00:00+00:00,21.0
2015-02-05 18:00:00+00:00,4.6
2015-02-05 21:00:00+00:00,-2.0
2015-02-06 00:00:00+00:00,-4.7
2015-02-06 03:00:00+00:00,20.3
2015-02-06 06:00:00+00:00,28.8
2015-02-06 09:00:00+00:00,30.2
2015-02-06 12:00:00+00:00,22.8
2015-02-06 18:00:00+00:00,3.0
2015-02-06 21:00:00+00:00,-1.1
2015-02-07 00:00:00+00:00,-5.4
2015-02-07 03:00:00+00:00,12.0
2015-02-07 06:00:00+00:00,29.1
2015-02-07 09:00:00+00:00,32.0
2015-02-07 12:00:00+00:00,23.2
2015-02-07 18:00:00+00:00,8.4
2015-02-07 21:00:00+00:00,2.8
2015-02-08 00:00:00+00:00,-1.8
2015-02-08 03:00:00+00:00,15.8
2015-02-08 06:00:00+00:00,28.6
2015-02-08 09:00:00+00:00,29.5
2015-02-08 12:00:00+00:00,21.4
2015-02-08 18:00:00+00:00,3.7
2015-02-08 21:00:00+00:00,-1.3
2015-02-09 00:00:00+00:00,-0.6
2015-02-09 03:00:00+00:00,9.3
2015-02-09 06:00:00+00:00,28.2
2015-02-09 09:00:00+00:00,27.1
2015-02-09 12:00:00+00:00,22.3
2015-02-09 18:00:00+00:00,11.1
2015-02-09 21:00:00+00:00,1.0
2015-02-10 00:00:00+00:00,-4.4
2015-02-10 03:00:00+00:00,12.4
2015-02-10 06:00:00+00:00,22.8
2015-02-10 09:00:00+00:00,21.4
2015-02-10 12:00:00+00:00,14.4
2015-02-10 18:00:00+00:00,-3.6
2015-02-10 21:00:00+00:00,-8.7
2015-02-11 00:00:00+00:00,-13.4
2015-02-11 03:00:00+00:00,6.6
2015-02-11 06:00:00+00:00,25.7
2015-02-11 09:00:00+00:00,27.3
2015-02-11 12:00:00+00:00,21.2
2015-02-11 18:00:00+00:00,5.9
2015-02-11 21:00:00+00:00,-1.1
2015-02-12 00:00:00+00:00,-7.6
2015-02-12 03:00:00+00:00,10.8
2015-02-12 06:00:00+00:00,30.0
2015-02-12 09:00:00+00:00,28.2
2015-02-12 12:00:00+00:00,20.1
2015-02-12 18:00:00+00:00,-1.3
2015-02-12 21:00:00+00:00,-5.6
2015-02-13 00:00:00+00:00,-9.6
2015-02-13 03:00:00+00:00,8.6
2015-02-13 06:00:00+00:00,28.0
2015-02-13 09:00:00+00:00,27.5
2015-02-13 12:00:00+00:00,18.5
2015-02-13 18:00:00+00:00,0.5
2015-02-13 21:00:00+00:00,-5.3
2015-02-14 00:00:00+00:00,-8.5
2015-02-14 03:00:00+00:00,8.4
2015-02-14 06:00:00+00:00,28.9
2015-02-14 09:00:00+00:00,27.9
2015-02-14 12:00:00+00:00,20.3
2015-02-14 18:00:00+00:00,4.1
2015-02-14 21:00:00+00:00,-3.5
2015-02-15 00:00:00+00:00,-4.7
2015-02-15 03:00:00+00:00,10.2
2015-02-15 06:00:00+00:00,21.0
2015-02-15 09:00:00+00:00,23.2
2015-02-15 12:00:00+00:00,17.6
2015-02-15 18:00:00+00:00,-1.7
2015-02-15 21:00:00+00:00,-8.1
2015-02-16 00:00:00+00:00,-10.5
2015-02-16 03:00:00+00:00,7.3
2015-02-16 06:00:00+00:00,25.2
2015-02-16 09:00:00+00:00,30.4
2015-02-16 12:00:00+00:00,19.0
2015-02-16 18:00:00+00:00,11.8
2015-02-16 21:00:00+00:00,11.5
2015-02-17 00:00:00+00:00,14.2
2015-02-17 03:00:00+00:00,25.3
2015-02-17 06:00:00+00:00,33.4
2015-02-17 09:00:00+00:00,34.5
2015-02-17 12:00:00+00:00,29.3
2015-02-17 18:00:00+00:00,23.2
2015-02-17 21:00:00+00:00,18.0
2015-02-18 00:00:00+00:00,12.7
2015-02-18 03:00:00+00:00,25.0
2015-02-18 06:00:00+00:00,34.0
2015-02-18 09:00:00+00:00,30.2
2015-02-18 12:00:00+00:00,22.5
2015-02-18 18:00:00+00:00,9.9
2015-02-18 21:00:00+00:00,10.6
2015-02-19 00:00:00+00:00,5.0
2015-02-19 03:00:00+00:00,17.8
2015-02-19 06:00:00+00:00,30.7
2015-02-19 09:00:00+00:00,26.4
2015-02-19 12:00:00+00:00,22.5
2015-02-19 18:00:00+00:00,14.4
2015-02-19 21:00:00+00:00,2.8
2015-02-20 00:00:00+00:00,3.4
2015-02-20 03:00:00+00:00,16.3
2015-02-20 06:00:00+00:00,28.0
2015-02-20 09:00:00+00:00,26.6
2015-02-20 12:00:00+00:00,24.6
2015-02-20 18:00:00+00:00,6.3
2015-02-20 21:00:00+00:00,6.4
2015-02-21 00:00:00+00:00,10.4
2015-02-21 03:00:00+00:00,16.9
2015-02-21 06:00:00+00:00,24.8
2015-02-21 09:00:00+00:00,27.5
2015-02-21 12:00:00+00:00,19.8
2015-02-21 18:00:00+00:00,16.5
2015-02-21 21:00:00+00:00,8.1
2015-02-22 00:00:00+00:00,-0.8
2015-02-22 03:00:00+00:00,20.3
2015-02-22 06:00:00+00:00,31.5
2015-02-22 09:00:00+00:00,30.9
2015-02-22 12:00:00+00:00,30.9
2015-02-22 18:00:00+00:00,19.2
2015-02-22 21:00:00+00:00,17.1
2015-02-23 00:00:00+00:00,20.7
2015-02-23 03:00:00+00:00,30.9
2015-02-23 06:00:00+00:00,36.1
2015-02-23 09:00:00+00:00,34.5
2015-02-23 12:00:00+00:00,32.4
2015-02-23 18:00:00+00:00,11.5
2015-02-23 21:00:00+00:00,15.4
2015-02-24 00:00:00+00:00,10.0
2015-02-24 03:00:00+00:00,32.5
2015-02-24 06:00:00+00:00,37.4
2015-02-24 09:00:00+00:00,42.6
2015-02-24 12:00:00+00:00,34.9
2015-02-24 18:00:00+00:00,15.3
2015-02-24 21:00:00+00:00,14.7
2015-02-25 00:00:00+00:00,7.5
2015-02-25 03:00:00+00:00,23.4
2015-02-25 06:00:00+00:00,37.4
2015-02-25 09:00:00+00:00,39.7
2015-02-25 12:00:00+00:00,26.8
2015-02-25 18:00:00+00:00,18.7
2015-02-25 21:00:00+00:00,15.1
2015-02-26 00:00:00+00:00,13.8
2015-02-26 03:00:00+00:00,36.3
2015-02-26 06:00:00+00:00,40.3
2015-02-26 09:00:00+00:00,42.3
2015-02-26 12:00:00+00:00,37.9
2015-02-26 18:00:00+00:00,24.1
2015-02-26 21:00:00+00:00,25.5
2015-02-27 00:00:00+00:00,23.5
2015-02-27 03:00:00+00:00,29.7
2015-02-27 06:00:00+00:00,33.6
2015-02-27 09:00:00+00:00,36.3
2015-02-27 12:00:00+00:00,34.0
2015-02-27 18:00:00+00:00,21.4
2015-02-27 21:00:00+00:00,16.0
2015-02-28 00:00:00+00:00,9.1
2015-02-28 03:00:00+00:00,29.3
2015-02-28 06:00:00+00:00,35.4
2015-02-28 09:00:00+00:00,36.5
2015-02-28 12:00:00+00:00,33.3
2015-02-28 18:00:00+00:00,15.3
2015-02-28 21:00:00+00:00,8.6
2015-03-01 00:00:00+00:00,2.5
2015-03-01 03:00:00+00:00,30.6
2015-03-01 06:00:00+00:00,37.0
2015-03-01 09:00:00+00:00,40.8
2015-03-01 12:00:00+00:00,36.3
2015-03-01 18:00:00+00:00,25.7
2015-03-01 21:00:00+00:00,26.4
2015-03-02 00:00:00+00:00,27.5
2015-03-02 03:00:00+00:00,31.6
2015-03-02 06:00:00+00:00,35.4
2015-03-02 09:00:00+00:00,38.3
2015-03-02 12:00:00+00:00,34.3
2015-03-02 18:00:00+00:00,22.6
2015-03-02 21:00:00+00:00,21.7
2015-03-03 00:00:00+00:00,16.9
2015-03-03 03:00:00+00:00,35.2
2015-03-03 06:00:00+00:00,37.8
2015-03-03 09:00:00+00:00,33.8
2015-03-03 12:00:00+00:00,28.4
2015-03-03 18:00:00+00:00,23.4
2015-03-03 21:00:00+00:00,24.6
2015-03-04 00:00:00+00:00,17.2
2015-03-04 03:00:00+00:00,29.3
2015-03-04 06:00:00+00:00,31.5
2015-03-04 09:00:00+00:00,31.1
2015-03-04 12:00:00+00:00,26.8
2015-03-04 18:00:00+00:00,10.8
2015-03-04 21:00:00+00:00,8.4
2015-03-05 00:00:00+00:00,7.7
2015-03-05 03:00:00+00:00,23.5
2015-03-05 06:00:00+00:00,27.9
2015-03-05 09:00:00+00:00,28.4
2015-03-05 12:00:00+00:00,23.4
2015-03-05 18:00:00+00:00,14.2
2015-03-05 21:00:00+00:00,11.1
2015-03-06 00:00:00+00:00,2.7
2015-03-06 03:00:00+00:00,22.3
2015-03-06 06:00:00+00:00,30.9
2015-03-06 09:00:00+00:00,29.8
2015-03-06 12:00:00+00:00,27.7
2015-03-06 18:00:00+00:00,13.5
2015-03-06 21:00:00+00:00,8.1
2015-03-07 00:00:00+00:00,7.9
2015-03-07 03:00:00+00:00,27.1
2015-03-07 06:00:00+00:00,30.9
2015-03-07 09:00:00+00:00,32.0
2015-03-07 12:00:00+00:00,26.8
2015-03-07 18:00:00+00:00,12.4
2015-03-07 21:00:00+00:00,0.3
2015-03-08 00:00:00+00:00,-2.0
2015-03-08 03:00:00+00:00,19.2
2015-03-08 06:00:00+00:00,34.2
2015-03-08 09:00:00+00:00,36.1
2015-03-08 12:00:00+00:00,32.0
2015-03-08 18:00:00+00:00,13.8
2015-03-08 21:00:00+00:00,15.3
2015-03-09 00:00:00+00:00,13.1
2015-03-09 03:00:00+00:00,31.8
2015-03-09 06:00:00+00:00,37.8
2015-03-09 09:00:00+00:00,37.6
2015-03-09 12:00:00+00:00,33.8
2015-03-09 18:00:00+00:00,19.9
2015-03-09 21:00:00+00:00,15.1
2015-03-10 00:00:00+00:00,12.0
2015-03-10 03:00:00+00:00,30.6
2015-03-10 06:00:00+00:00,32.4
2015-03-10 09:00:00+00:00,31.1
2015-03-10 12:00:00+00:00,27.5
2015-03-10 18:00:00+00:00,8.2
2015-03-10 21:00:00+00:00,2.3
2015-03-11 00:00:00+00:00,-1.5
2015-03-11 03:00:00+00:00,14.9
2015-03-11 06:00:00+00:00,33.4
2015-03-11 09:00:00+00:00,35.1
2015-03-11 12:00:00+00:00,29.3
2015-03-11 18:00:00+00:00,11.8
2015-03-11 21:00:00+00:00,8.2
2015-03-12 00:00:00+00:00,4.3
2015-03-12 03:00:00+00:00,31.3
2015-03-12 06:00:00+00:00,41.0
2015-03-12 09:00:00+00:00,41.4
2015-03-12 12:00:00+00:00,37.6
2015-03-12 18:00:00+00:00,18.1
2015-03-12 21:00:00+00:00,10.4
2015-03-13 00:00:00+00:00,11.3
2015-03-13 03:00:00+00:00,27.3
2015-03-13 06:00:00+00:00,35.2
2015-03-13 09:00:00+00:00,38.7
2015-03-13 12:00:00+00:00,32.9
2015-03-13 18:00:00+00:00,12.4
2015-03-13 21:00:00+00:00,5.2
2015-03-14 00:00:00+00:00,6.8
2015-03-14 03:00:00+00:00,18.1
2015-03-14 06:00:00+00:00,31.8
2015-03-14 09:00:00+00:00,40.3
2015-03-14 12:00:00+00:00,34.7
2015-03-14 18:00:00+00:00,19.4
2015-03-14 21:00:00+00:00,12.0
2015-03-15 00:00:00+00:00,10.8
2015-03-15 03:00:00+00:00,28.0
2015-03-15 06:00:00+00:00,38.5
2015-03-15 09:00:00+00:00,43.5
2015-03-15 12:00:00+00:00,36.3
2015-03-15 18:00:00+00:00,20.5
2015-03-15 21:00:00+00:00,28.2
2015-03-16 00:00:00+00:00,30.2
2015-03-16 03:00:00+00:00,32.4
2015-03-16 06:00:00+00:00,43.5
2015-03-16 09:00:00+00:00,43.3
2015-03-16 12:00:00+00:00,37.8
2015-03-16 18:00:00+00:00,33.3
2015-03-16 21:00:00+00:00,28.2
2015-03-17 00:00:00+00:00,18.3
2015-03-17 03:00:00+00:00,32.9
2015-03-17 06:00:00+00:00,35.2
2015-03-17 09:00:00+00:00,32.5
2015-03-17 12:00:00+00:00,24.3
2015-03-17 18:00:00+00:00,10.8
2015-03-17 21:00:00+00:00,8.2
2015-03-18 00:00:00+00:00,5.5
2015-03-18 03:00:00+00:00,20.1
2015-03-18 06:00:00+00:00,31.6
2015-03-18 09:00:00+00:00,35.8
2015-03-18 12:00:00+00:00,26.2
2015-03-18 18:00:00+00:00,19.8
2015-03-18 21:00:00+00:00,18.1
2015-03-19 00:00:00+00:00,16.5
2015-03-19 03:00:00+00:00,21.7
2015-03-19 06:00:00+00:00,27.7
2015-03-19 09:00:00+00:00,27.0
2015-03-19 12:00:00+00:00,20.7
2015-03-19 18:00:00+00:00,16.0
2015-03-19 21:00:00+00:00,13.5
2015-03-20 00:00:00+00:00,11.7
2015-03-20 03:00:00+00:00,15.4
2015-03-20 06:00:00+00:00,19.2
2015-03-20 09:00:00+00:00,23.9
2015-03-20 12:00:00+00:00,19.8
2015-03-20 18:00:00+00:00,9.1
2015-03-20 21:00:00+00:00,5.0
2015-03-21 00:00:00+00:00,4.1
2015-03-21 03:00:00+00:00,20.5
2015-03-21 06:00:00+00:00,32.7
2015-03-21 09:00:00+00:00,37.9
2015-03-21 12:00:00+00:00,31.3
2015-03-21 18:00:00+00:00,22.6
2015-03-21 21:00:00+00:00,20.5
2015-03-22 00:00:00+00:00,18.1
2015-03-22 03:00:00+00:00,23.4
2015-03-22 06:00:00+00:00,30.6
2015-03-22 09:00:00+00:00,33.1
2015-03-22 12:00:00+00:00,30.6
2015-03-22 18:00:00+00:00,18.9
2015-03-22 21:00:00+00:00,19.0
2015-03-23 00:00:00+00:00,14.5
2015-03-23 03:00:00+00:00,29.5
2015-03-23 06:00:00+00:00,35.4
2015-03-23 09:00:00+00:00,35.4
2015-03-23 12:00:00+00:00,30.0
2015-03-23 18:00:00+00:00,9.1
2015-03-23 21:00:00+00:00,5.2
2015-03-24 00:00:00+00:00,3.0
2015-03-24 03:00:00+00:00,26.1
2015-03-24 06:00:00+00:00,38.3
2015-03-24 09:00:00+00:00,43.2
2015-03-24 12:00:00+00:00,36.5
2015-03-24 18:00:00+00:00,13.5
2015-03-24 21:00:00+00:00,7.0
2015-03-25 00:00:00+00:00,3.9
2015-03-25 03:00:00+00:00,28.2
2015-03-25 06:00:00+00:00,46.8
2015-03-25 09:00:00+00:00,48.9
2015-03-25 12:00:00+00:00,37.2
2015-03-25 18:00:00+00:00,24.3
2015-03-25 21:00:00+00:00,21.9
2015-03-26 00:00:00+00:00,19.6
2015-03-26 03:00:00+00:00,34.9
2015-03-26 06:00:00+00:00,50.9
2015-03-26 09:00:00+00:00,49.1
2015-03-26 12:00:00+00:00,37.2
2015-03-26 18:00:00+00:00,21.9
2015-03-26 21:00:00+00:00,16.0
2015-03-27 00:00:00+00:00,9.9
2015-03-27 03:00:00+00:00,31.1
2015-03-27 06:00:00+00:00,44.8
2015-03-27 09:00:00+00:00,46.4
2015-03-27 12:00:00+00:00,38.1
2015-03-27 18:00:00+00:00,31.5
2015-03-27 21:00:00+00:00,32.7
2015-03-28 00:00:00+00:00,24.4
2015-03-28 03:00:00+00:00,27.7
2015-03-28 06:00:00+00:00,38.1
2015-03-28 09:00:00+00:00,42.1
2015-03-28 12:00:00+00:00,39.9
2015-03-28 18:00:00+00:00,19.6
2015-03-28 21:00:00+00:00,18.1
2015-03-29 00:00:00+00:00,19.4
2015-03-29 03:00:00+00:00,39.6
2015-03-29 06:00:00+00:00,53.6
2015-03-29 09:00:00+00:00,54.0
2015-03-29 12:00:00+00:00,49.6
2015-03-29 18:00:00+00:00,26.6
2015-03-29 21:00:00+00:00,19.9
2015-03-30 00:00:00+00:00,17.8
2015-03-30 03:00:00+00:00,40.6
2015-03-30 06:00:00+00:00,49.8
2015-03-30 09:00:00+00:00,51.6
2015-03-30 12:00:00+00:00,48.2
2015-03-30 18:00:00+00:00,34.3
2015-03-30 21:00:00+00:00,34.0
2015-03-31 00:00:00+00:00,33.4
2015-03-31 03:00:00+00:00,42.6
2015-03-31 06:00:00+00:00,46.4
2015-03-31 09:00:00+00:00,33.1
2015-03-31 12:00:00+00:00,30.0
2015-03-31 18:00:00+00:00,28.9
2015-03-31 21:00:00+00:00,23.5
2015-04-01 00:00:00+00:00,16.3
2015-04-01 03:00:00+00:00,30.2
2015-04-01 06:00:00+00:00,36.0
2015-04-01 09:00:00+00:00,43.3
2015-04-01 12:00:00+00:00,35.6
2015-04-01 18:00:00+00:00,26.8
2015-04-01 21:00:00+00:00,26.8
2015-04-02 00:00:00+00:00,22.3
2015-04-02 03:00:00+00:00,39.2
2015-04-02 06:00:00+00:00,43.5
2015-04-02 09:00:00+00:00,48.0
2015-04-02 12:00:00+00:00,41.7
2015-04-02 18:00:00+00:00,32.2
2015-04-02 21:00:00+00:00,35.1
2015-04-03 00:00:00+00:00,33.1
2015-04-03 03:00:00+00:00,34.5
2015-04-03 06:00:00+00:00,42.1
2015-04-03 09:00:00+00:00,44.6
2015-04-03 12:00:00+00:00,42.1
2015-04-03 18:00:00+00:00,39.4
2015-04-03 21:00:00+00:00,39.9
2015-04-04 00:00:00+00:00,30.7
2015-04-04 03:00:00+00:00,28.8
2015-04-04 06:00:00+00:00,34.9
2015-04-04 09:00:00+00:00,41.4
2015-04-04 12:00:00+00:00,36.9
2015-04-04 18:00:00+00:00,24.3
2015-04-04 21:00:00+00:00,22.6
2015-04-05 00:00:00+00:00,24.3
2015-04-05 03:00:00+00:00,35.6
2015-04-05 06:00:00+00:00,27.7
2015-04-05 09:00:00+00:00,33.6
2015-04-05 12:00:00+00:00,33.8
2015-04-05 18:00:00+00:00,21.0
2015-04-05 21:00:00+00:00,18.7
2015-04-06 00:00:00+00:00,16.9
2015-04-06 03:00:00+00:00,25.3
2015-04-06 06:00:00+00:00,31.3
2015-04-06 09:00:00+00:00,33.6
2015-04-06 12:00:00+00:00,29.3
2015-04-06 18:00:00+00:00,20.5
2015-04-06 21:00:00+00:00,19.2
2015-04-07 00:00:00+00:00,17.8
2015-04-07 03:00:00+00:00,29.1
2015-04-07 06:00:00+00:00,37.2
2015-04-07 09:00:00+00:00,36.9
2015-04-07 12:00:00+00:00,32.0
2015-04-07 18:00:00+00:00,22.8
2015-04-07 21:00:00+00:00,19.4
2015-04-08 00:00:00+00:00,18.5
2015-04-08 03:00:00+00:00,30.0
2015-04-08 06:00:00+00:00,39.0
2015-04-08 09:00:00+00:00,36.1
2015-04-08 12:00:00+00:00,33.8
2015-04-08 18:00:00+00:00,24.6
2015-04-08 21:00:00+00:00,19.9
2015-04-09 00:00:00+00:00,18.5
2015-04-09 03:00:00+00:00,30.2
2015-04-09 06:00:00+00:00,36.3
2015-04-09 09:00:00+00:00,37.4
2015-04-09 12:00:00+00:00,34.2
2015-04-09 18:00:00+00:00,20.1
2015-04-09 21:00:00+00:00,21.2
2015-04-10 00:00:00+00:00,25.2
2015-04-10 03:00:00+00:00,24.8
2015-04-10 06:00:00+00:00,27.3
2015-04-10 09:00:00+00:00,27.1
2015-04-10 12:00:00+00:00,21.7
2015-04-10 18:00:00+00:00,14.4
2015-04-10 21:00:00+00:00,8.1
2015-04-11 00:00:00+00:00,7.5
2015-04-11 03:00:00+00:00,19.2
2015-04-11 06:00:00+00:00,30.9
2015-04-11 09:00:00+00:00,34.5
2015-04-11 12:00:00+00:00,30.4
2015-04-11 18:00:00+00:00,19.4
2015-04-11 21:00:00+00:00,16.2
2015-04-12 00:00:00+00:00,11.8
2015-04-12 03:00:00+00:00,29.3
2015-04-12 06:00:00+00:00,36.0
2015-04-12 09:00:00+00:00,39.4
2015-04-12 12:00:00+00:00,35.1
2015-04-12 18:00:00+00:00,20.8
2015-04-12 21:00:00+00:00,18.3
2015-04-13 00:00:00+00:00,21.7
2015-04-13 03:00:00+00:00,33.8
2015-04-13 06:00:00+00:00,41.5
2015-04-13 09:00:00+00:00,46.6
2015-04-13 12:00:00+00:00,40.3
2015-04-13 18:00:00+00:00,29.8
2015-04-13 21:00:00+00:00,24.6
2015-04-14 00:00:00+00:00,24.1
2015-04-14 06:00:00+00:00,37.8
2015-04-14 09:00:00+00:00,44.4
2015-04-14 12:00:00+00:00,40.6
2015-04-14 18:00:00+00:00,24.3
2015-04-14 21:00:00+00:00,19.8
2015-04-15 00:00:00+00:00,19.8
2015-04-15 03:00:00+00:00,41.7
2015-04-15 06:00:00+00:00,51.3
2015-04-15 09:00:00+00:00,54.7
2015-04-15 12:00:00+00:00,47.8
2015-04-15 18:00:00+00:00,27.1
2015-04-15 21:00:00+00:00,23.9
2015-04-16 00:00:00+00:00,21.6
2015-04-16 03:00:00+00:00,44.2
2015-04-16 06:00:00+00:00,50.5
2015-04-16 12:00:00+00:00,40.6
2015-04-16 18:00:00+00:00,31.3
2015-04-16 21:00:00+00:00,24.3
2015-04-17 00:00:00+00:00,25.3
2015-04-17 03:00:00+00:00,44.8
2015-04-17 06:00:00+00:00,46.0
2015-04-17 09:00:00+00:00,45.3
2015-04-17 12:00:00+00:00,42.8
2015-04-17 18:00:00+00:00,23.7
2015-04-17 21:00:00+00:00,22.8
2015-04-18 00:00:00+00:00,21.7
2015-04-18 06:00:00+00:00,30.0
2015-04-18 09:00:00+00:00,32.4
2015-04-18 12:00:00+00:00,26.2
2015-04-18 18:00:00+00:00,22.6
2015-04-18 21:00:00+00:00,16.9
2015-04-19 00:00:00+00:00,18.3
2015-04-19 03:00:00+00:00,29.3
2015-04-19 06:00:00+00:00,37.8
2015-04-19 09:00:00+00:00,39.6
2015-04-19 12:00:00+00:00,36.7
2015-04-19 18:00:00+00:00,23.4
2015-04-19 21:00:00+00:00,20.7
2015-04-20 00:00:00+00:00,20.7
2015-04-20 03:00:00+00:00,33.1
2015-04-20 06:00:00+00:00,43.2
2015-04-20 09:00:00+00:00,43.9
2015-04-20 12:00:00+00:00,41.4
2015-04-20 18:00:00+00:00,31.5
2015-04-20 21:00:00+00:00,30.7
2015-04-21 00:00:00+00:00,30.6
2015-04-21 03:00:00+00:00,32.4
2015-04-21 06:00:00+00:00,32.7
2015-04-21 09:00:00+00:00,32.4
2015-04-21 12:00:00+00:00,29.1
2015-04-21 18:00:00+00:00,20.7
2015-04-21 21:00:00+00:00,16.5
2015-04-22 00:00:00+00:00,17.2
2015-04-22 03:00:00+00:00,27.5
2015-04-22 06:00:00+00:00,35.8
2015-04-22 09:00:00+00:00,40.5
2015-04-22 12:00:00+00:00,28.8
2015-04-22 18:00:00+00:00,25.7
2015-04-22 21:00:00+00:00,22.1
2015-04-23 00:00:00+00:00,19.4
2015-04-23 03:00:00+00:00,25.9
2015-04-23 06:00:00+00:00,30.6
2015-04-23 09:00:00+00:00,34.7
2015-04-23 12:00:00+00:00,30.6
2015-04-23 18:00:00+00:00,22.6
2015-04-23 21:00:00+00:00,21.2
2015-04-24 00:00:00+00:00,21.6
2015-04-24 03:00:00+00:00,32.0
2015-04-24 06:00:00+00:00,33.6
2015-04-24 09:00:00+00:00,38.7
2015-04-24 12:00:00+00:00,33.3
2015-04-24 18:00:00+00:00,27.1
2015-04-24 21:00:00+00:00,22.5
2015-04-25 00:00:00+00:00,24.1
2015-04-25 03:00:00+00:00,32.4
2015-04-25 06:00:00+00:00,37.8
2015-04-25 09:00:00+00:00,32.0
2015-04-25 12:00:00+00:00,32.9
2015-04-25 18:00:00+00:00,23.0
2015-04-25 21:00:00+00:00,18.9
2015-04-26 00:00:00+00:00,21.6
2015-04-26 03:00:00+00:00,34.5
2015-04-26 06:00:00+00:00,39.7
2015-04-26 09:00:00+00:00,42.4
2015-04-26 12:00:00+00:00,40.1
2015-04-26 18:00:00+00:00,28.2
2015-04-26 21:00:00+00:00,22.1
2015-04-27 00:00:00+00:00,26.8
2015-04-27 03:00:00+00:00,40.8
2015-04-27 06:00:00+00:00,45.9
2015-04-27 09:00:00+00:00,50.5
2015-04-27 12:00:00+00:00,44.1
2015-04-27 18:00:00+00:00,31.5
2015-04-27 21:00:00+00:00,27.9
2015-04-28 00:00:00+00:00,27.3
2015-04-28 03:00:00+00:00,41.2
2015-04-28 06:00:00+00:00,46.4
2015-04-28 09:00:00+00:00,44.6
2015-04-28 12:00:00+00:00,44.4
2015-04-28 18:00:00+00:00,30.7
2015-04-28 21:00:00+00:00,28.0
2015-04-29 00:00:00+00:00,32.7
2015-04-29 03:00:00+00:00,44.1
2015-04-29 06:00:00+00:00,47.1
2015-04-29 09:00:00+00:00,52.2
2015-04-29 12:00:00+00:00,41.7
2015-04-29 18:00:00+00:00,27.9
2015-04-29 21:00:00+00:00,25.3
2015-04-30 00:00:00+00:00,25.5
2015-04-30 03:00:00+00:00,30.7
2015-04-30 06:00:00+00:00,35.2
2015-04-30 09:00:00+00:00,39.6
2015-04-30 12:00:00+00:00,36.7
2015-04-30 18:00:00+00:00,24.6
2015-04-30 21:00:00+00:00,19.0
2015-05-01 00:00:00+00:00,23.0
2015-05-01 03:00:00+00:00,31.6
2015-05-01 06:00:00+00:00,43.9
2015-05-01 09:00:00+00:00,48.0
2015-05-01 12:00:00+00:00,45.0
2015-05-01 18:00:00+00:00,35.2
2015-05-01 21:00:00+00:00,32.2
2015-05-02 00:00:00+00:00,34.2
2015-05-02 03:00:00+00:00,36.3
2015-05-02 06:00:00+00:00,32.2
2015-05-02 09:00:00+00:00,42.1
2015-05-02 12:00:00+00:00,32.7
2015-05-02 18:00:00+00:00,25.9
2015-05-02 21:00:00+00:00,23.5
2015-05-03 00:00:00+00:00,24.8
2015-05-03 03:00:00+00:00,28.4
2015-05-03 06:00:00+00:00,33.8
2015-05-03 09:00:00+00:00,34.2
2015-05-03 12:00:00+00:00,30.6
2015-05-03 18:00:00+00:00,19.2
2015-05-03 21:00:00+00:00,25.0
2015-05-04 00:00:00+00:00,23.2
2015-05-04 03:00:00+00:00,32.2
2015-05-04 06:00:00+00:00,40.3
2015-05-04 09:00:00+00:00,40.1
2015-05-04 12:00:00+00:00,31.5
2015-05-04 18:00:00+00:00,29.7
2015-05-04 21:00:00+00:00,28.0
2015-05-05 00:00:00+00:00,26.6
2015-05-05 03:00:00+00:00,30.7
2015-05-05 06:00:00+00:00,37.0
2015-05-05 09:00:00+00:00,37.9
2015-05-05 12:00:00+00:00,33.1
2015-05-05 18:00:00+00:00,28.2
2015-05-05 21:00:00+00:00,27.5
2015-05-06 00:00:00+00:00,28.6
2015-05-06 03:00:00+00:00,33.8
2015-05-06 06:00:00+00:00,41.5
2015-05-06 09:00:00+00:00,40.8
2015-05-06 12:00:00+00:00,36.9
2015-05-06 18:00:00+00:00,27.5
2015-05-06 21:00:00+00:00,23.5
2015-05-07 00:00:00+00:00,28.2
2015-05-07 03:00:00+00:00,36.1
2015-05-07 06:00:00+00:00,40.5
2015-05-07 09:00:00+00:00,37.6
2015-05-07 12:00:00+00:00,38.3
2015-05-07 18:00:00+00:00,25.5
2015-05-07 21:00:00+00:00,20.3
2015-05-08 00:00:00+00:00,25.0
2015-05-08 03:00:00+00:00,37.2
2015-05-08 06:00:00+00:00,42.8
2015-05-08 09:00:00+00:00,41.7
2015-05-08 12:00:00+00:00,38.3
2015-05-08 18:00:00+00:00,24.6
2015-05-08 21:00:00+00:00,21.0
2015-05-09 00:00:00+00:00,24.8
2015-05-09 03:00:00+00:00,36.7
2015-05-09 06:00:00+00:00,47.3
2015-05-09 09:00:00+00:00,50.5
2015-05-09 12:00:00+00:00,36.0
2015-05-09 18:00:00+00:00,29.8
2015-05-09 21:00:00+00:00,30.0
2015-05-10 00:00:00+00:00,29.7
2015-05-10 03:00:00+00:00,40.1
2015-05-10 06:00:00+00:00,46.0
2015-05-10 09:00:00+00:00,48.7
2015-05-10 12:00:00+00:00,43.2
2015-05-10 18:00:00+00:00,22.3
2015-05-10 21:00:00+00:00,18.3
2015-05-11 00:00:00+00:00,23.0
2015-05-11 03:00:00+00:00,40.6
2015-05-11 06:00:00+00:00,48.9
2015-05-11 09:00:00+00:00,52.2
2015-05-11 12:00:00+00:00,49.8
2015-05-11 18:00:00+00:00,29.7
2015-05-11 21:00:00+00:00,23.9
2015-05-12 00:00:00+00:00,31.1
2015-05-12 03:00:00+00:00,46.8
2015-05-12 06:00:00+00:00,55.9
2015-05-12 09:00:00+00:00,56.8
2015-05-12 12:00:00+00:00,54.7
2015-05-12 18:00:00+00:00,37.0
2015-05-12 21:00:00+00:00,30.6
2015-05-13 00:00:00+00:00,35.8
2015-05-13 03:00:00+00:00,49.8
2015-05-13 06:00:00+00:00,57.4
2015-05-13 09:00:00+00:00,60.1
2015-05-13 12:00:00+00:00,45.7
2015-05-13 18:00:00+00:00,36.1
2015-05-13 21:00:00+00:00,33.8
2015-05-14 00:00:00+00:00,34.3
2015-05-14 03:00:00+00:00,39.2
2015-05-14 06:00:00+00:00,51.3
2015-05-14 09:00:00+00:00,47.5
2015-05-14 12:00:00+00:00,39.2
2015-05-14 18:00:00+00:00,36.5
2015-05-14 21:00:00+00:00,34.9
2015-05-15 00:00:00+00:00,36.1
2015-05-15 03:00:00+00:00,44.1
2015-05-15 06:00:00+00:00,52.9
2015-05-15 09:00:00+00:00,41.2
2015-05-15 12:00:00+00:00,41.4
2015-05-15 18:00:00+00:00,32.0
2015-05-15 21:00:00+00:00,30.4
2015-05-16 00:00:00+00:00,30.2
2015-05-16 03:00:00+00:00,34.2
2015-05-16 06:00:00+00:00,36.7
2015-05-16 09:00:00+00:00,37.8
2015-05-16 12:00:00+00:00,37.2
2015-05-16 18:00:00+00:00,32.9
2015-05-16 21:00:00+00:00,31.1
2015-05-17 00:00:00+00:00,31.6
2015-05-17 03:00:00+00:00,40.8
2015-05-17 06:00:00+00:00,45.0
2015-05-17 09:00:00+00:00,49.5
2015-05-17 12:00:00+00:00,39.6
2015-05-17 18:00:00+00:00,31.6
2015-05-17 21:00:00+00:00,28.2
2015-05-18 00:00:00+00:00,32.9
2015-05-18 03:00:00+00:00,43.9
2015-05-18 06:00:00+00:00,50.0
2015-05-18 09:00:00+00:00,52.7
2015-05-18 12:00:00+00:00,50.7
2015-05-18 18:00:00+00:00,36.1
2015-05-18 21:00:00+00:00,31.3
2015-05-19 00:00:00+00:00,36.3
2015-05-19 03:00:00+00:00,48.7
2015-05-19 06:00:00+00:00,57.4
2015-05-19 09:00:00+00:00,59.0
2015-05-19 12:00:00+00:00,44.6
2015-05-19 18:00:00+00:00,33.8
2015-05-19 21:00:00+00:00,32.5
2015-05-20 00:00:00+00:00,31.6
2015-05-20 03:00:00+00:00,36.5
2015-05-20 06:00:00+00:00,44.2
2015-05-20 09:00:00+00:00,49.8
2015-05-20 12:00:00+00:00,47.8
2015-05-20 18:00:00+00:00,39.7
2015-05-20 21:00:00+00:00,34.5
2015-05-21 00:00:00+00:00,32.7
2015-05-21 03:00:00+00:00,36.3
2015-05-21 06:00:00+00:00,41.5
2015-05-21 09:00:00+00:00,41.9
2015-05-21 12:00:00+00:00,39.7
2015-05-21 18:00:00+00:00,37.6
2015-05-21 21:00:00+00:00,32.9
2015-05-22 00:00:00+00:00,32.9
2015-05-22 03:00:00+00:00,40.8
2015-05-22 06:00:00+00:00,44.8
2015-05-22 09:00:00+00:00,45.3
2015-05-22 12:00:00+00:00,36.3
2015-05-22 18:00:00+00:00,33.6
2015-05-22 21:00:00+00:00,34.2
2015-05-23 00:00:00+00:00,34.9
2015-05-23 03:00:00+00:00,40.8
2015-05-23 06:00:00+00:00,49.3
2015-05-23 09:00:00+00:00,46.4
2015-05-23 12:00:00+00:00,43.2
2015-05-23 18:00:00+00:00,36.0
2015-05-23 21:00:00+00:00,34.3
2015-05-24 00:00:00+00:00,32.9
2015-05-24 03:00:00+00:00,36.3
2015-05-24 06:00:00+00:00,42.1
2015-05-24 09:00:00+00:00,42.8
2015-05-24 12:00:00+00:00,35.6
2015-05-24 18:00:00+00:00,34.2
2015-05-24 21:00:00+00:00,34.3
2015-05-25 00:00:00+00:00,34.7
2015-05-25 03:00:00+00:00,43.0
2015-05-25 06:00:00+00:00,47.8
2015-05-25 09:00:00+00:00,53.1
2015-05-25 12:00:00+00:00,42.3
2015-05-25 18:00:00+00:00,33.8
2015-05-25 21:00:00+00:00,31.3
2015-05-26 00:00:00+00:00,29.7
2015-05-26 03:00:00+00:00,43.3
2015-05-26 06:00:00+00:00,52.9
2015-05-26 09:00:00+00:00,56.5
2015-05-26 12:00:00+00:00,48.9
2015-05-26 18:00:00+00:00,39.2
2015-05-26 21:00:00+00:00,35.1
2015-05-27 00:00:00+00:00,36.9
2015-05-27 03:00:00+00:00,44.6
2015-05-27 06:00:00+00:00,49.5
2015-05-27 09:00:00+00:00,46.9
2015-05-27 12:00:00+00:00,43.7
2015-05-27 18:00:00+00:00,37.9
2015-05-27 21:00:00+00:00,37.4
2015-05-28 00:00:00+00:00,37.9
2015-05-28 03:00:00+00:00,44.8
2015-05-28 06:00:00+00:00,48.4
2015-05-28 09:00:00+00:00,49.6
2015-05-28 12:00:00+00:00,45.1
2015-05-28 18:00:00+00:00,32.5
2015-05-28 21:00:00+00:00,28.0
2015-05-29 00:00:00+00:00,32.9
2015-05-29 03:00:00+00:00,42.8
2015-05-29 06:00:00+00:00,46.9
2015-05-29 09:00:00+00:00,48.2
2015-05-29 12:00:00+00:00,39.2
2015-05-29 18:00:00+00:00,30.7
2015-05-29 21:00:00+00:00,29.5
2015-05-30 00:00:00+00:00,32.9
2015-05-30 03:00:00+00:00,44.6
2015-05-30 06:00:00+00:00,52.9
2015-05-30 09:00:00+00:00,47.5
2015-05-30 12:00:00+00:00,38.7
2015-05-30 18:00:00+00:00,35.2
2015-05-30 21:00:00+00:00,35.6
2015-05-31 00:00:00+00:00,36.7
2015-05-31 03:00:00+00:00,41.5
2015-05-31 06:00:00+00:00,47.8
2015-05-31 09:00:00+00:00,40.3
2015-05-31 12:00:00+00:00,38.5
2015-05-31 18:00:00+00:00,33.8
2015-05-31 21:00:00+00:00,34.7
2015-06-01 00:00:00+00:00,36.9
2015-06-01 03:00:00+00:00,46.0
2015-06-01 06:00:00+00:00,52.2
2015-06-01 09:00:00+00:00,39.6
2015-06-01 12:00:00+00:00,40.5
2015-06-01 18:00:00+00:00,37.6
2015-06-01 21:00:00+00:00,37.9
2015-06-02 00:00:00+00:00,39.2
2015-06-02 03:00:00+00:00,44.1
2015-06-02 06:00:00+00:00,45.1
2015-06-02 09:00:00+00:00,51.3
2015-06-02 12:00:00+00:00,45.9
2015-06-02 18:00:00+00:00,36.1
2015-06-02 21:00:00+00:00,32.9
2015-06-03 00:00:00+00:00,36.1
2015-06-03 03:00:00+00:00,43.3
2015-06-03 06:00:00+00:00,43.3
2015-06-03 09:00:00+00:00,48.4
2015-06-03 12:00:00+00:00,45.3
2015-06-03 18:00:00+00:00,34.3
2015-06-03 21:00:00+00:00,32.4
2015-06-04 00:00:00+00:00,33.8
2015-06-04 03:00:00+00:00,41.0
2015-06-04 06:00:00+00:00,49.5
2015-06-04 09:00:00+00:00,52.5
2015-06-04 12:00:00+00:00,52.9
2015-06-04 18:00:00+00:00,37.4
2015-06-04 21:00:00+00:00,35.8
2015-06-05 00:00:00+00:00,37.2
2015-06-05 03:00:00+00:00,45.9
2015-06-05 06:00:00+00:00,54.3
2015-06-05 09:00:00+00:00,56.8
2015-06-05 12:00:00+00:00,43.7
2015-06-05 18:00:00+00:00,35.2
2015-06-05 21:00:00+00:00,32.7
2015-06-06 00:00:00+00:00,37.8
2015-06-06 03:00:00+00:00,40.6
2015-06-06 06:00:00+00:00,47.5
2015-06-06 09:00:00+00:00,47.3
2015-06-06 12:00:00+00:00,44.1
2015-06-06 18:00:00+00:00,35.1
2015-06-06 21:00:00+00:00,33.6
2015-06-07 00:00:00+00:00,31.6
2015-06-07 03:00:00+00:00,40.5
2015-06-07 06:00:00+00:00,42.4
2015-06-07 09:00:00+00:00,47.1
2015-06-07 12:00:00+00:00,43.5
2015-06-07 18:00:00+00:00,36.3
2015-06-07 21:00:00+00:00,34.5
2015-06-08 00:00:00+00:00,33.3
2015-06-08 03:00:00+00:00,38.3
2015-06-08 06:00:00+00:00,45.3
2015-06-08 09:00:00+00:00,40.3
2015-06-08 12:00:00+00:00,37.9
2015-06-08 18:00:00+00:00,32.7
2015-06-08 21:00:00+00:00,29.8
2015-06-09 00:00:00+00:00,30.4
2015-06-09 03:00:00+00:00,39.0
2015-06-09 06:00:00+00:00,44.8
2015-06-09 09:00:00+00:00,44.8
2015-06-09 12:00:00+00:00,44.2
2015-06-09 18:00:00+00:00,31.5
2015-06-09 21:00:00+00:00,29.1
2015-06-10 00:00:00+00:00,32.5
2015-06-10 03:00:00+00:00,43.5
2015-06-10 06:00:00+00:00,51.3
2015-06-10 09:00:00+00:00,55.9
2015-06-10 12:00:00+00:00,51.3
2015-06-10 18:00:00+00:00,39.9
2015-06-10 21:00:00+00:00,32.9
2015-06-11 00:00:00+00:00,36.7
2015-06-11 03:00:00+00:00,45.5
2015-06-11 06:00:00+00:00,54.9
2015-06-11 09:00:00+00:00,54.5
2015-06-11 12:00:00+00:00,40.6
2015-06-11 18:00:00+00:00,38.3
2015-06-11 21:00:00+00:00,37.4
2015-06-12 00:00:00+00:00,38.7
2015-06-12 03:00:00+00:00,45.5
2015-06-12 06:00:00+00:00,52.5
2015-06-12 09:00:00+00:00,46.2
2015-06-12 12:00:00+00:00,44.2
2015-06-12 18:00:00+00:00,39.9
2015-06-12 21:00:00+00:00,39.4
2015-06-13 00:00:00+00:00,39.9
2015-06-13 03:00:00+00:00,41.2
2015-06-13 06:00:00+00:00,46.4
2015-06-13 09:00:00+00:00,50.2
2015-06-13 12:00:00+00:00,47.7
2015-06-13 18:00:00+00:00,40.5
2015-06-13 21:00:00+00:00,39.0
2015-06-14 00:00:00+00:00,38.8
2015-06-14 03:00:00+00:00,43.5
2015-06-14 06:00:00+00:00,39.0
2015-06-14 09:00:00+00:00,45.0
2015-06-14 12:00:00+00:00,46.2
2015-06-14 18:00:00+00:00,40.8
2015-06-14 21:00:00+00:00,40.8
2015-06-15 00:00:00+00:00,34.5
2015-06-15 03:00:00+00:00,41.4
2015-06-15 06:00:00+00:00,53.8
2015-06-15 09:00:00+00:00,55.2
2015-06-15 12:00:00+00:00,45.0
2015-06-15 18:00:00+00:00,37.0
2015-06-15 21:00:00+00:00,32.0
2015-06-16 00:00:00+00:00,35.8
2015-06-16 03:00:00+00:00,48.2
2015-06-16 06:00:00+00:00,55.2
2015-06-16 09:00:00+00:00,43.7
2015-06-16 12:00:00+00:00,45.3
2015-06-16 18:00:00+00:00,41.5
2015-06-16 21:00:00+00:00,36.7
2015-06-17 00:00:00+00:00,38.1
2015-06-17 03:00:00+00:00,44.6
2015-06-17 06:00:00+00:00,52.3
2015-06-17 09:00:00+00:00,51.3
2015-06-17 12:00:00+00:00,49.6
2015-06-17 18:00:00+00:00,42.1
2015-06-17 21:00:00+00:00,40.1
2015-06-18 00:00:00+00:00,41.0
2015-06-18 03:00:00+00:00,50.2
2015-06-18 06:00:00+00:00,55.2
2015-06-18 09:00:00+00:00,48.6
2015-06-18 12:00:00+00:00,46.2
2015-06-18 18:00:00+00:00,42.6
2015-06-18 21:00:00+00:00,42.4
2015-06-19 00:00:00+00:00,43.3
2015-06-19 03:00:00+00:00,48.0
2015-06-19 06:00:00+00:00,53.4
2015-06-19 09:00:00+00:00,53.8
2015-06-19 12:00:00+00:00,51.3
2015-06-19 18:00:00+00:00,34.3
2015-06-19 21:00:00+00:00,29.3
2015-06-20 00:00:00+00:00,33.8
2015-06-20 03:00:00+00:00,45.7
2015-06-20 06:00:00+00:00,50.9
2015-06-20 09:00:00+00:00,54.3
2015-06-20 12:00:00+00:00,51.1
2015-06-20 18:00:00+00:00,33.3
2015-06-20 21:00:00+00:00,29.5
2015-06-21 00:00:00+00:00,32.0
2015-06-21 03:00:00+00:00,49.8
2015-06-21 06:00:00+00:00,57.9
2015-06-21 09:00:00+00:00,61.2
2015-06-21 12:00:00+00:00,57.2
2015-06-21 18:00:00+00:00,42.8
2015-06-21 21:00:00+00:00,42.8
2015-06-22 00:00:00+00:00,42.3
2015-06-22 03:00:00+00:00,50.7
2015-06-22 06:00:00+00:00,58.6
2015-06-22 09:00:00+00:00,49.8
2015-06-22 12:00:00+00:00,43.5
2015-06-22 18:00:00+00:00,42.1
2015-06-22 21:00:00+00:00,41.7
2015-06-23 00:00:00+00:00,42.1
2015-06-23 03:00:00+00:00,46.9
2015-06-23 06:00:00+00:00,51.6
2015-06-23 09:00:00+00:00,55.4
2015-06-23 12:00:00+00:00,48.6
2015-06-23 18:00:00+00:00,43.3
2015-06-23 21:00:00+00:00,42.8
2015-06-24 00:00:00+00:00,44.8
2015-06-24 03:00:00+00:00,51.3
2015-06-24 06:00:00+00:00,59.2
2015-06-24 09:00:00+00:00,59.0
2015-06-24 12:00:00+00:00,45.1
2015-06-24 18:00:00+00:00,45.1
2015-06-24 21:00:00+00:00,43.7
2015-06-25 00:00:00+00:00,44.1
2015-06-25 03:00:00+00:00,52.7
2015-06-25 06:00:00+00:00,59.5
2015-06-25 09:00:00+00:00,62.2
2015-06-25 12:00:00+00:00,59.9
2015-06-25 18:00:00+00:00,48.4
2015-06-25 21:00:00+00:00,44.6
2015-06-26 00:00:00+00:00,49.5
2015-06-26 03:00:00+00:00,59.4
2015-06-26 06:00:00+00:00,65.5
2015-06-26 09:00:00+00:00,60.8
2015-06-26 12:00:00+00:00,58.3
2015-06-26 18:00:00+00:00,47.5
2015-06-26 21:00:00+00:00,46.9
2015-06-27 00:00:00+00:00,47.3
2015-06-27 03:00:00+00:00,57.7
2015-06-27 06:00:00+00:00,64.9
2015-06-27 09:00:00+00:00,63.1
2015-06-27 12:00:00+00:00,62.8
2015-06-27 18:00:00+00:00,49.5
2015-06-27 21:00:00+00:00,46.0
2015-06-28 00:00:00+00:00,46.9
2015-06-28 03:00:00+00:00,58.3
2015-06-28 06:00:00+00:00,66.0
2015-06-28 09:00:00+00:00,60.1
2015-06-28 12:00:00+00:00,55.0
2015-06-28 18:00:00+00:00,48.7
2015-06-28 21:00:00+00:00,46.2
2015-06-29 00:00:00+00:00,45.1
2015-06-29 03:00:00+00:00,57.2
2015-06-29 06:00:00+00:00,63.0
2015-06-29 09:00:00+00:00,57.4
2015-06-29 12:00:00+00:00,54.1
2015-06-29 18:00:00+00:00,45.5
2015-06-29 21:00:00+00:00,43.7
2015-06-30 00:00:00+00:00,43.5
2015-06-30 03:00:00+00:00,47.8
2015-06-30 06:00:00+00:00,55.0
2015-06-30 09:00:00+00:00,60.6
2015-06-30 12:00:00+00:00,56.5
2015-06-30 18:00:00+00:00,45.9
2015-06-30 21:00:00+00:00,44.4
2015-07-01 00:00:00+00:00,45.0
2015-07-01 03:00:00+00:00,48.7
2015-07-01 06:00:00+00:00,58.8
2015-07-01 09:00:00+00:00,58.6
2015-07-01 12:00:00+00:00,52.9
2015-07-01 18:00:00+00:00,45.7
2015-07-01 21:00:00+00:00,44.8
2015-07-02 00:00:00+00:00,45.9
2015-07-02 03:00:00+00:00,51.8
2015-07-02 06:00:00+00:00,60.3
2015-07-02 09:00:00+00:00,53.1
2015-07-02 12:00:00+00:00,45.5
2015-07-02 18:00:00+00:00,43.9
2015-07-02 21:00:00+00:00,43.9
2015-07-03 00:00:00+00:00,45.1
2015-07-03 03:00:00+00:00,49.6
2015-07-03 06:00:00+00:00,55.9
2015-07-03 09:00:00+00:00,49.3
2015-07-03 12:00:00+00:00,47.1
2015-07-03 18:00:00+00:00,42.8
2015-07-03 21:00:00+00:00,37.8
2015-07-04 00:00:00+00:00,35.2
2015-07-04 03:00:00+00:00,42.4
2015-07-04 06:00:00+00:00,44.1
2015-07-04 09:00:00+00:00,47.1
2015-07-04 12:00:00+00:00,41.9
2015-07-04 18:00:00+00:00,35.4
2015-07-04 21:00:00+00:00,33.3
2015-07-05 00:00:00+00:00,36.5
2015-07-05 03:00:00+00:00,44.8
2015-07-05 06:00:00+00:00,50.0
2015-07-05 09:00:00+00:00,53.4
2015-07-05 12:00:00+00:00,54.0
2015-07-05 18:00:00+00:00,37.9
2015-07-05 21:00:00+00:00,34.0
2015-07-06 00:00:00+00:00,37.9
2015-07-06 03:00:00+00:00,52.2
2015-07-06 06:00:00+00:00,56.8
2015-07-06 09:00:00+00:00,61.2
2015-07-06 12:00:00+00:00,60.4
2015-07-06 18:00:00+00:00,40.6
2015-07-06 21:00:00+00:00,37.6
2015-07-07 00:00:00+00:00,39.7
2015-07-07 03:00:00+00:00,49.3
2015-07-07 06:00:00+00:00,57.6
2015-07-07 09:00:00+00:00,58.6
2015-07-07 12:00:00+00:00,52.3
2015-07-07 18:00:00+00:00,41.5
2015-07-07 21:00:00+00:00,40.8
2015-07-08 00:00:00+00:00,36.7
2015-07-08 03:00:00+00:00,37.4
2015-07-08 06:00:00+00:00,42.4
2015-07-08 09:00:00+00:00,47.8
2015-07-08 12:00:00+00:00,45.9
2015-07-08 18:00:00+00:00,39.2
2015-07-08 21:00:00+00:00,32.9
2015-07-09 00:00:00+00:00,37.0
2015-07-09 03:00:00+00:00,46.6
2015-07-09 06:00:00+00:00,51.1
2015-07-09 09:00:00+00:00,55.6
2015-07-09 12:00:00+00:00,53.1
2015-07-09 18:00:00+00:00,39.2
2015-07-09 21:00:00+00:00,35.8
2015-07-10 00:00:00+00:00,40.1
2015-07-10 03:00:00+00:00,52.5
2015-07-10 06:00:00+00:00,58.6
2015-07-10 09:00:00+00:00,62.4
2015-07-10 12:00:00+00:00,62.2
2015-07-10 18:00:00+00:00,46.4
2015-07-10 21:00:00+00:00,44.6
2015-07-11 00:00:00+00:00,49.6
2015-07-11 03:00:00+00:00,59.2
2015-07-11 06:00:00+00:00,65.7
2015-07-11 09:00:00+00:00,55.8
2015-07-11 12:00:00+00:00,56.5
2015-07-11 18:00:00+00:00,47.3
2015-07-11 21:00:00+00:00,47.3
2015-07-12 00:00:00+00:00,46.6
2015-07-12 03:00:00+00:00,50.4
2015-07-12 06:00:00+00:00,54.3
2015-07-12 09:00:00+00:00,58.6
2015-07-12 12:00:00+00:00,56.1
2015-07-12 18:00:00+00:00,49.5
2015-07-12 21:00:00+00:00,46.4
2015-07-13 00:00:00+00:00,46.9
2015-07-13 03:00:00+00:00,54.7
2015-07-13 06:00:00+00:00,61.2
2015-07-13 09:00:00+00:00,64.2
2015-07-13 12:00:00+00:00,58.6
2015-07-13 18:00:00+00:00,47.7
2015-07-13 21:00:00+00:00,40.5
2015-07-14 00:00:00+00:00,38.7
2015-07-14 03:00:00+00:00,46.8
2015-07-14 06:00:00+00:00,52.9
2015-07-14 09:00:00+00:00,41.7
2015-07-14 12:00:00+00:00,41.7
2015-07-14 18:00:00+00:00,34.0
2015-07-14 21:00:00+00:00,33.8
2015-07-15 00:00:00+00:00,35.1
2015-07-15 03:00:00+00:00,44.6
2015-07-15 06:00:00+00:00,46.0
2015-07-15 09:00:00+00:00,33.6
2015-07-15 12:00:00+00:00,36.0
2015-07-15 18:00:00+00:00,32.0
2015-07-15 21:00:00+00:00,30.7
2015-07-16 00:00:00+00:00,32.5
2015-07-16 03:00:00+00:00,39.2
2015-07-16 06:00:00+00:00,43.9
2015-07-16 09:00:00+00:00,43.9
2015-07-16 12:00:00+00:00,48.6
2015-07-16 18:00:00+00:00,34.7
2015-07-16 21:00:00+00:00,30.0
2015-07-17 00:00:00+00:00,32.5
2015-07-17 03:00:00+00:00,45.7
2015-07-17 06:00:00+00:00,47.5
2015-07-17 09:00:00+00:00,49.8
2015-07-17 12:00:00+00:00,45.5
2015-07-17 18:00:00+00:00,31.8
2015-07-17 21:00:00+00:00,28.8
2015-07-18 00:00:00+00:00,32.4
2015-07-18 03:00:00+00:00,47.3
2015-07-18 06:00:00+00:00,51.1
2015-07-18 09:00:00+00:00,52.2
2015-07-18 12:00:00+00:00,50.7
2015-07-18 18:00:00+00:00,36.1
2015-07-18 21:00:00+00:00,30.6
2015-07-19 00:00:00+00:00,32.9
2015-07-19 03:00:00+00:00,48.7
2015-07-19 06:00:00+00:00,51.3
2015-07-19 09:00:00+00:00,55.2
2015-07-19 12:00:00+00:00,53.1
2015-07-19 18:00:00+00:00,40.3
2015-07-19 21:00:00+00:00,33.8
2015-07-20 00:00:00+00:00,32.7
2015-07-20 03:00:00+00:00,42.6
2015-07-20 06:00:00+00:00,51.4
2015-07-20 09:00:00+00:00,52.2
2015-07-20 12:00:00+00:00,48.9
2015-07-20 18:00:00+00:00,43.0
2015-07-20 21:00:00+00:00,39.9
2015-07-21 00:00:00+00:00,39.2
2015-07-21 03:00:00+00:00,48.0
2015-07-21 06:00:00+00:00,51.1
2015-07-21 09:00:00+00:00,50.0
2015-07-21 12:00:00+00:00,55.9
2015-07-21 18:00:00+00:00,36.0
2015-07-21 21:00:00+00:00,31.3
2015-07-22 00:00:00+00:00,32.0
2015-07-22 03:00:00+00:00,50.0
2015-07-22 06:00:00+00:00,58.5
2015-07-22 09:00:00+00:00,63.0
2015-07-22 12:00:00+00:00,55.8
2015-07-22 18:00:00+00:00,36.3
2015-07-22 21:00:00+00:00,28.9
2015-07-23 00:00:00+00:00,31.6
2015-07-23 03:00:00+00:00,48.9
2015-07-23 06:00:00+00:00,55.6
2015-07-23 09:00:00+00:00,59.2
2015-07-23 12:00:00+00:00,53.2
2015-07-23 18:00:00+00:00,45.0
2015-07-23 21:00:00+00:00,42.3
2015-07-24 00:00:00+00:00,40.8
2015-07-24 03:00:00+00:00,52.0
2015-07-24 06:00:00+00:00,57.2
2015-07-24 09:00:00+00:00,60.4
2015-07-24 12:00:00+00:00,59.4
2015-07-24 18:00:00+00:00,36.5
2015-07-24 21:00:00+00:00,30.2
2015-07-25 00:00:00+00:00,34.3
2015-07-25 03:00:00+00:00,52.2
2015-07-25 06:00:00+00:00,60.6
2015-07-25 09:00:00+00:00,64.6
2015-07-25 12:00:00+00:00,58.3
2015-07-25 18:00:00+00:00,38.3
2015-07-25 21:00:00+00:00,31.6
2015-07-26 00:00:00+00:00,35.1
2015-07-26 03:00:00+00:00,52.7
2015-07-26 06:00:00+00:00,61.2
2015-07-26 09:00:00+00:00,61.2
2015-07-26 12:00:00+00:00,61.5
2015-07-26 18:00:00+00:00,43.0
2015-07-26 21:00:00+00:00,35.4
2015-07-27 00:00:00+00:00,38.1
2015-07-27 03:00:00+00:00,55.2
2015-07-27 06:00:00+00:00,64.8
2015-07-27 09:00:00+00:00,62.2
2015-07-27 12:00:00+00:00,63.3
2015-07-27 18:00:00+00:00,43.9
2015-07-27 21:00:00+00:00,37.2
2015-07-28 00:00:00+00:00,40.3
2015-07-28 03:00:00+00:00,55.9
2015-07-28 06:00:00+00:00,58.8
2015-07-28 09:00:00+00:00,63.1
2015-07-28 12:00:00+00:00,57.6
2015-07-28 18:00:00+00:00,45.7
2015-07-28 21:00:00+00:00,37.4
2015-07-29 00:00:00+00:00,39.4
2015-07-29 03:00:00+00:00,54.1
2015-07-29 06:00:00+00:00,67.5
2015-07-29 09:00:00+00:00,65.5
2015-07-29 12:00:00+00:00,48.7
2015-07-29 18:00:00+00:00,42.6
2015-07-29 21:00:00+00:00,38.5
2015-07-30 00:00:00+00:00,40.5
2015-07-30 03:00:00+00:00,54.1
2015-07-30 06:00:00+00:00,63.1
2015-07-30 09:00:00+00:00,68.5
2015-07-30 12:00:00+00:00,58.6
2015-07-30 18:00:00+00:00,42.1
2015-07-30 21:00:00+00:00,40.6
2015-07-31 00:00:00+00:00,41.7
2015-07-31 03:00:00+00:00,58.5
2015-07-31 06:00:00+00:00,65.3
2015-07-31 09:00:00+00:00,69.8
2015-07-31 12:00:00+00:00,66.9
2015-07-31 18:00:00+00:00,45.5
2015-07-31 21:00:00+00:00,39.0
2015-08-01 00:00:00+00:00,39.2
2015-08-01 03:00:00+00:00,58.3
2015-08-01 06:00:00+00:00,68.7
2015-08-01 09:00:00+00:00,71.8
2015-08-01 12:00:00+00:00,68.2
2015-08-01 18:00:00+00:00,47.8
2015-08-01 21:00:00+00:00,41.2
2015-08-02 00:00:00+00:00,41.9
2015-08-02 03:00:00+00:00,58.3
2015-08-02 06:00:00+00:00,71.2
2015-08-02 09:00:00+00:00,72.5
2015-08-02 12:00:00+00:00,63.9
2015-08-02 18:00:00+00:00,53.1
2015-08-02 21:00:00+00:00,44.4
2015-08-03 00:00:00+00:00,44.1
2015-08-03 03:00:00+00:00,57.7
2015-08-03 06:00:00+00:00,67.6
2015-08-03 09:00:00+00:00,58.5
2015-08-03 12:00:00+00:00,51.1
2015-08-03 18:00:00+00:00,43.3
2015-08-03 21:00:00+00:00,42.4
2015-08-04 00:00:00+00:00,44.2
2015-08-04 03:00:00+00:00,56.1
2015-08-04 06:00:00+00:00,61.0
2015-08-04 09:00:00+00:00,66.2
2015-08-04 12:00:00+00:00,62.4
2015-08-04 18:00:00+00:00,42.6
2015-08-04 21:00:00+00:00,36.7
2015-08-05 00:00:00+00:00,38.7
2015-08-05 03:00:00+00:00,56.3
2015-08-05 06:00:00+00:00,65.7
2015-08-05 09:00:00+00:00,66.2
2015-08-05 12:00:00+00:00,56.5
2015-08-05 18:00:00+00:00,51.6
2015-08-05 21:00:00+00:00,46.2
2015-08-06 00:00:00+00:00,42.6
2015-08-06 03:00:00+00:00,43.2
2015-08-06 06:00:00+00:00,45.3
2015-08-06 09:00:00+00:00,45.3
2015-08-06 12:00:00+00:00,45.3
2015-08-06 18:00:00+00:00,44.1
2015-08-06 21:00:00+00:00,43.3
2015-08-07 00:00:00+00:00,42.6
2015-08-07 03:00:00+00:00,49.1
2015-08-07 06:00:00+00:00,55.2
2015-08-07 09:00:00+00:00,57.9
2015-08-07 12:00:00+00:00,51.1
2015-08-07 18:00:00+00:00,39.7
2015-08-07 21:00:00+00:00,38.1
2015-08-08 00:00:00+00:00,38.1
2015-08-08 03:00:00+00:00,50.5
2015-08-08 06:00:00+00:00,51.6
2015-08-08 09:00:00+00:00,58.5
2015-08-08 12:00:00+00:00,57.6
2015-08-08 18:00:00+00:00,36.9
2015-08-08 21:00:00+00:00,30.4
2015-08-09 00:00:00+00:00,33.4
2015-08-09 03:00:00+00:00,49.1
2015-08-09 06:00:00+00:00,57.7
2015-08-09 09:00:00+00:00,63.1
2015-08-09 12:00:00+00:00,57.2
2015-08-09 18:00:00+00:00,37.9
2015-08-09 21:00:00+00:00,33.4
2015-08-10 00:00:00+00:00,35.2
2015-08-10 03:00:00+00:00,52.3
2015-08-10 06:00:00+00:00,60.8
2015-08-10 09:00:00+00:00,61.3
2015-08-10 12:00:00+00:00,55.8
2015-08-10 18:00:00+00:00,41.0
2015-08-10 21:00:00+00:00,37.0
2015-08-11 00:00:00+00:00,37.6
2015-08-11 03:00:00+00:00,51.3
2015-08-11 06:00:00+00:00,62.1
2015-08-11 09:00:00+00:00,67.3
2015-08-11 12:00:00+00:00,62.6
2015-08-11 18:00:00+00:00,42.8
2015-08-11 21:00:00+00:00,37.0
2015-08-12 00:00:00+00:00,40.6
2015-08-12 03:00:00+00:00,58.1
2015-08-12 06:00:00+00:00,67.6
2015-08-12 09:00:00+00:00,70.5
2015-08-12 12:00:00+00:00,64.6
2015-08-12 18:00:00+00:00,51.8
2015-08-12 21:00:00+00:00,47.8
2015-08-13 00:00:00+00:00,47.3
2015-08-13 03:00:00+00:00,53.4
2015-08-13 06:00:00+00:00,55.4
2015-08-13 09:00:00+00:00,57.0
2015-08-13 12:00:00+00:00,56.3
2015-08-13 18:00:00+00:00,41.5
2015-08-13 21:00:00+00:00,34.2
2015-08-14 00:00:00+00:00,35.8
2015-08-14 03:00:00+00:00,52.7
2015-08-14 06:00:00+00:00,64.6
2015-08-14 09:00:00+00:00,68.2
2015-08-14 12:00:00+00:00,64.2
2015-08-14 18:00:00+00:00,51.1
2015-08-14 21:00:00+00:00,52.5
2015-08-15 00:00:00+00:00,51.6
2015-08-15 03:00:00+00:00,55.6
2015-08-15 06:00:00+00:00,55.8
2015-08-15 09:00:00+00:00,57.0
2015-08-15 12:00:00+00:00,56.3
2015-08-15 18:00:00+00:00,45.7
2015-08-15 21:00:00+00:00,40.1
2015-08-16 00:00:00+00:00,40.8
2015-08-16 06:00:00+00:00,57.0
2015-08-16 09:00:00+00:00,50.5
2015-08-16 12:00:00+00:00,50.0
2015-08-16 18:00:00+00:00,45.1
2015-08-16 21:00:00+00:00,43.0
2015-08-17 00:00:00+00:00,43.2
2015-08-17 03:00:00+00:00,49.1
2015-08-17 06:00:00+00:00,49.5
2015-08-17 09:00:00+00:00,52.3
2015-08-17 12:00:00+00:00,45.3
2015-08-17 18:00:00+00:00,38.1
2015-08-17 21:00:00+00:00,37.4
2015-08-18 00:00:00+00:00,38.5
2015-08-18 03:00:00+00:00,45.7
2015-08-18 06:00:00+00:00,45.1
2015-08-18 09:00:00+00:00,42.3
2015-08-18 12:00:00+00:00,43.3
2015-08-18 18:00:00+00:00,39.4
2015-08-18 21:00:00+00:00,38.7
2015-08-19 00:00:00+00:00,34.9
2015-08-19 03:00:00+00:00,35.1
2015-08-19 06:00:00+00:00,36.1
2015-08-19 09:00:00+00:00,38.7
2015-08-19 12:00:00+00:00,40.3
2015-08-19 18:00:00+00:00,32.0
2015-08-19 21:00:00+00:00,28.0
2015-08-20 00:00:00+00:00,29.1
2015-08-20 03:00:00+00:00,40.3
2015-08-20 06:00:00+00:00,48.7
2015-08-20 09:00:00+00:00,54.1
2015-08-20 12:00:00+00:00,50.2
2015-08-20 18:00:00+00:00,37.4
2015-08-20 21:00:00+00:00,28.8
2015-08-21 00:00:00+00:00,29.5
2015-08-21 03:00:00+00:00,45.7
2015-08-21 06:00:00+00:00,54.0
2015-08-21 09:00:00+00:00,54.5
2015-08-21 12:00:00+00:00,45.7
2015-08-21 18:00:00+00:00,38.3
2015-08-21 21:00:00+00:00,32.2
2015-08-22 00:00:00+00:00,34.3
2015-08-22 03:00:00+00:00,42.3
2015-08-22 06:00:00+00:00,51.4
2015-08-22 09:00:00+00:00,48.2
2015-08-22 12:00:00+00:00,53.4
2015-08-22 18:00:00+00:00,31.5
2015-08-22 21:00:00+00:00,25.5
2015-08-23 00:00:00+00:00,28.8
2015-08-23 03:00:00+00:00,48.0
2015-08-23 06:00:00+00:00,60.8
2015-08-23 09:00:00+00:00,64.4
2015-08-23 12:00:00+00:00,58.6
2015-08-23 18:00:00+00:00,48.6
2015-08-23 21:00:00+00:00,40.6
2015-08-24 00:00:00+00:00,39.7
2015-08-24 03:00:00+00:00,39.7
2015-08-24 06:00:00+00:00,50.2
2015-08-24 09:00:00+00:00,56.7
2015-08-24 12:00:00+00:00,53.2
2015-08-24 18:00:00+00:00,36.3
2015-08-24 21:00:00+00:00,32.7
2015-08-25 00:00:00+00:00,34.0
2015-08-25 03:00:00+00:00,49.5
2015-08-25 06:00:00+00:00,58.3
2015-08-25 09:00:00+00:00,61.9
2015-08-25 12:00:00+00:00,50.5
2015-08-25 18:00:00+00:00,44.4
2015-08-25 21:00:00+00:00,39.4
2015-08-26 00:00:00+00:00,37.8
2015-08-26 03:00:00+00:00,49.1
2015-08-26 06:00:00+00:00,57.2
2015-08-26 09:00:00+00:00,51.4
2015-08-26 12:00:00+00:00,44.4
2015-08-26 18:00:00+00:00,39.4
2015-08-26 21:00:00+00:00,37.2
2015-08-27 00:00:00+00:00,37.6
2015-08-27 03:00:00+00:00,45.5
2015-08-27 06:00:00+00:00,55.0
2015-08-27 09:00:00+00:00,59.4
2015-08-27 12:00:00+00:00,55.4
2015-08-27 18:00:00+00:00,47.5
2015-08-27 21:00:00+00:00,43.7
2015-08-28 00:00:00+00:00,42.6
2015-08-28 03:00:00+00:00,50.5
2015-08-28 06:00:00+00:00,47.3
2015-08-28 09:00:00+00:00,49.1
2015-08-28 12:00:00+00:00,47.1
2015-08-28 18:00:00+00:00,41.5
2015-08-28 21:00:00+00:00,40.1
2015-08-29 00:00:00+00:00,39.6
2015-08-29 03:00:00+00:00,45.9
2015-08-29 06:00:00+00:00,52.9
2015-08-29 09:00:00+00:00,59.4
2015-08-29 12:00:00+00:00,55.6
2015-08-29 18:00:00+00:00,46.6
2015-08-29 21:00:00+00:00,46.4
2015-08-30 00:00:00+00:00,45.5
2015-08-30 03:00:00+00:00,42.8
2015-08-30 06:00:00+00:00,49.6
2015-08-30 09:00:00+00:00,46.9
2015-08-30 12:00:00+00:00,46.0
2015-08-30 18:00:00+00:00,41.2
2015-08-30 21:00:00+00:00,39.0
2015-08-31 00:00:00+00:00,38.8
2015-08-31 03:00:00+00:00,46.8
2015-08-31 06:00:00+00:00,54.7
2015-08-31 09:00:00+00:00,55.6
2015-08-31 12:00:00+00:00,51.3
2015-08-31 18:00:00+00:00,41.0
2015-08-31 21:00:00+00:00,39.6
2015-09-01 00:00:00+00:00,39.0
2015-09-01 03:00:00+00:00,50.4
2015-09-01 06:00:00+00:00,59.7
2015-09-01 09:00:00+00:00,61.5
2015-09-01 12:00:00+00:00,53.8
2015-09-01 18:00:00+00:00,43.7
2015-09-01 21:00:00+00:00,42.8
2015-09-02 00:00:00+00:00,43.0
2015-09-02 03:00:00+00:00,53.8
2015-09-02 06:00:00+00:00,60.8
2015-09-02 09:00:00+00:00,58.6
2015-09-02 12:00:00+00:00,48.0
2015-09-02 18:00:00+00:00,40.8
2015-09-02 21:00:00+00:00,41.0
2015-09-03 00:00:00+00:00,41.9
2015-09-03 03:00:00+00:00,49.1
2015-09-03 06:00:00+00:00,58.1
2015-09-03 09:00:00+00:00,54.9
2015-09-03 12:00:00+00:00,54.1
2015-09-03 18:00:00+00:00,40.1
2015-09-03 21:00:00+00:00,38.8
2015-09-04 00:00:00+00:00,37.8
2015-09-04 03:00:00+00:00,51.4
2015-09-04 06:00:00+00:00,62.6
2015-09-04 09:00:00+00:00,54.7
2015-09-04 12:00:00+00:00,54.0
2015-09-04 18:00:00+00:00,43.7
2015-09-04 21:00:00+00:00,40.8
2015-09-05 00:00:00+00:00,40.8
2015-09-05 03:00:00+00:00,46.6
2015-09-05 06:00:00+00:00,55.9
2015-09-05 09:00:00+00:00,62.8
2015-09-05 12:00:00+00:00,55.6
2015-09-05 18:00:00+00:00,41.2
2015-09-05 21:00:00+00:00,39.4
2015-09-06 00:00:00+00:00,41.0
2015-09-06 03:00:00+00:00,49.8
2015-09-06 06:00:00+00:00,58.5
2015-09-06 09:00:00+00:00,48.2
2015-09-06 12:00:00+00:00,44.4
2015-09-06 18:00:00+00:00,41.9
2015-09-06 21:00:00+00:00,38.7
2015-09-07 00:00:00+00:00,37.8
2015-09-07 03:00:00+00:00,47.1
2015-09-07 06:00:00+00:00,58.6
2015-09-07 09:00:00+00:00,54.1
2015-09-07 12:00:00+00:00,50.2
2015-09-07 18:00:00+00:00,43.7
2015-09-07 21:00:00+00:00,40.6
2015-09-08 00:00:00+00:00,41.5
2015-09-08 03:00:00+00:00,53.4
2015-09-08 06:00:00+00:00,62.2
2015-09-08 09:00:00+00:00,54.1
2015-09-08 12:00:00+00:00,53.6
2015-09-08 18:00:00+00:00,42.6
2015-09-08 21:00:00+00:00,37.4
2015-09-09 00:00:00+00:00,38.5
2015-09-09 03:00:00+00:00,49.8
2015-09-09 06:00:00+00:00,58.6
2015-09-09 09:00:00+00:00,53.6
2015-09-09 12:00:00+00:00,50.0
2015-09-09 18:00:00+00:00,44.6
2015-09-09 21:00:00+00:00,44.1
2015-09-10 00:00:00+00:00,43.2
2015-09-10 03:00:00+00:00,48.6
2015-09-10 06:00:00+00:00,57.4
2015-09-10 09:00:00+00:00,61.5
2015-09-10 12:00:00+00:00,57.6
2015-09-10 18:00:00+00:00,44.2
2015-09-10 21:00:00+00:00,43.9
2015-09-11 00:00:00+00:00,42.6
2015-09-11 03:00:00+00:00,47.5
2015-09-11 06:00:00+00:00,53.1
2015-09-11 09:00:00+00:00,55.8
2015-09-11 12:00:00+00:00,50.4
2015-09-11 18:00:00+00:00,43.3
2015-09-11 21:00:00+00:00,37.2
2015-09-12 00:00:00+00:00,36.1
2015-09-12 03:00:00+00:00,42.1
2015-09-12 06:00:00+00:00,46.9
2015-09-12 09:00:00+00:00,50.9
2015-09-12 12:00:00+00:00,48.4
2015-09-12 18:00:00+00:00,41.5
2015-09-12 21:00:00+00:00,38.1
2015-09-13 00:00:00+00:00,37.9
2015-09-13 03:00:00+00:00,45.1
2015-09-13 06:00:00+00:00,54.1
2015-09-13 09:00:00+00:00,48.2
2015-09-13 12:00:00+00:00,43.3
2015-09-13 18:00:00+00:00,35.1
2015-09-13 21:00:00+00:00,32.5
2015-09-14 00:00:00+00:00,33.4
2015-09-14 03:00:00+00:00,44.1
2015-09-14 06:00:00+00:00,52.9
2015-09-14 09:00:00+00:00,54.3
2015-09-14 12:00:00+00:00,44.4
2015-09-14 18:00:00+00:00,41.0
2015-09-14 21:00:00+00:00,38.7
2015-09-15 00:00:00+00:00,39.0
2015-09-15 03:00:00+00:00,51.6
2015-09-15 06:00:00+00:00,54.9
2015-09-15 09:00:00+00:00,48.0
2015-09-15 12:00:00+00:00,44.2
2015-09-15 18:00:00+00:00,36.7
2015-09-15 21:00:00+00:00,34.2
2015-09-16 00:00:00+00:00,34.5
2015-09-16 03:00:00+00:00,40.3
2015-09-16 06:00:00+00:00,48.2
2015-09-16 09:00:00+00:00,52.7
2015-09-16 12:00:00+00:00,50.5
2015-09-16 18:00:00+00:00,38.5
2015-09-16 21:00:00+00:00,38.7
2015-09-17 00:00:00+00:00,39.0
2015-09-17 03:00:00+00:00,40.8
2015-09-17 06:00:00+00:00,38.3
2015-09-17 09:00:00+00:00,44.8
2015-09-17 12:00:00+00:00,43.5
2015-09-17 18:00:00+00:00,39.9
2015-09-17 21:00:00+00:00,38.8
2015-09-18 00:00:00+00:00,38.7
2015-09-18 03:00:00+00:00,44.4
2015-09-18 06:00:00+00:00,49.5
2015-09-18 09:00:00+00:00,50.2
2015-09-18 12:00:00+00:00,38.3
2015-09-18 18:00:00+00:00,37.4
2015-09-18 21:00:00+00:00,36.3
2015-09-19 00:00:00+00:00,33.6
2015-09-19 03:00:00+00:00,43.7
2015-09-19 06:00:00+00:00,49.8
2015-09-19 09:00:00+00:00,54.7
2015-09-19 12:00:00+00:00,48.9
2015-09-19 18:00:00+00:00,37.4
2015-09-19 21:00:00+00:00,35.6
2015-09-20 00:00:00+00:00,36.5
2015-09-20 03:00:00+00:00,40.6
2015-09-20 06:00:00+00:00,49.5
2015-09-20 09:00:00+00:00,49.1
2015-09-20 12:00:00+00:00,41.7
2015-09-20 18:00:00+00:00,38.8
2015-09-20 21:00:00+00:00,38.3
2015-09-21 00:00:00+00:00,37.2
2015-09-21 03:00:00+00:00,48.6
2015-09-21 06:00:00+00:00,59.5
2015-09-21 09:00:00+00:00,48.7
2015-09-21 12:00:00+00:00,38.5
2015-09-21 18:00:00+00:00,34.0
2015-09-21 21:00:00+00:00,29.3
2015-09-22 00:00:00+00:00,28.2
2015-09-22 03:00:00+00:00,40.1
2015-09-22 06:00:00+00:00,49.8
2015-09-22 09:00:00+00:00,57.6
2015-09-22 12:00:00+00:00,52.0
2015-09-22 18:00:00+00:00,44.1
2015-09-22 21:00:00+00:00,40.1
2015-09-23 00:00:00+00:00,41.9
2015-09-23 03:00:00+00:00,53.4
2015-09-23 06:00:00+00:00,58.3
2015-09-23 09:00:00+00:00,48.4
2015-09-23 12:00:00+00:00,41.7
2015-09-23 18:00:00+00:00,34.2
2015-09-23 21:00:00+00:00,35.1
2015-09-24 00:00:00+00:00,34.5
2015-09-24 03:00:00+00:00,36.1
2015-09-24 06:00:00+00:00,39.2
2015-09-24 09:00:00+00:00,43.3
2015-09-24 12:00:00+00:00,39.9
2015-09-24 18:00:00+00:00,37.2
2015-09-24 21:00:00+00:00,35.4
2015-09-25 00:00:00+00:00,35.4
2015-09-25 03:00:00+00:00,36.1
2015-09-25 06:00:00+00:00,39.0
2015-09-25 09:00:00+00:00,47.3
2015-09-25 12:00:00+00:00,45.0
2015-09-25 18:00:00+00:00,40.8
2015-09-25 21:00:00+00:00,41.5
2015-09-26 00:00:00+00:00,40.6
2015-09-26 03:00:00+00:00,44.2
2015-09-26 06:00:00+00:00,53.1
2015-09-26 09:00:00+00:00,57.9
2015-09-26 12:00:00+00:00,51.3
2015-09-26 18:00:00+00:00,40.5
2015-09-26 21:00:00+00:00,43.5
2015-09-27 00:00:00+00:00,40.5
2015-09-27 03:00:00+00:00,51.1
2015-09-27 06:00:00+00:00,64.9
2015-09-27 09:00:00+00:00,64.6
2015-09-27 12:00:00+00:00,53.8
2015-09-27 18:00:00+00:00,38.8
2015-09-27 21:00:00+00:00,32.9
2015-09-28 00:00:00+00:00,31.8
2015-09-28 03:00:00+00:00,53.4
2015-09-28 06:00:00+00:00,61.2
2015-09-28 09:00:00+00:00,59.7
2015-09-28 12:00:00+00:00,53.2
2015-09-28 18:00:00+00:00,36.9
2015-09-28 21:00:00+00:00,32.0
2015-09-29 00:00:00+00:00,29.3
2015-09-29 03:00:00+00:00,45.7
2015-09-29 06:00:00+00:00,58.1
2015-09-29 09:00:00+00:00,62.8
2015-09-29 12:00:00+00:00,51.8
2015-09-29 18:00:00+00:00,40.8
2015-09-29 21:00:00+00:00,34.3
2015-09-30 00:00:00+00:00,30.6
2015-09-30 03:00:00+00:00,46.2
2015-09-30 06:00:00+00:00,51.8
2015-09-30 09:00:00+00:00,55.6
2015-09-30 12:00:00+00:00,46.9
2015-09-30 18:00:00+00:00,31.8
2015-09-30 21:00:00+00:00,25.9
2015-10-01 00:00:00+00:00,23.9
2015-10-01 03:00:00+00:00,41.9
2015-10-01 06:00:00+00:00,55.9
2015-10-01 09:00:00+00:00,61.0
2015-10-01 12:00:00+00:00,54.0
2015-10-01 18:00:00+00:00,41.4
2015-10-01 21:00:00+00:00,32.5
2015-10-02 00:00:00+00:00,30.6
2015-10-02 03:00:00+00:00,45.9
2015-10-02 06:00:00+00:00,53.6
2015-10-02 09:00:00+00:00,57.0
2015-10-02 12:00:00+00:00,49.6
2015-10-02 18:00:00+00:00,36.0
2015-10-02 21:00:00+00:00,32.5
2015-10-03 00:00:00+00:00,29.3
2015-10-03 03:00:00+00:00,40.3
2015-10-03 06:00:00+00:00,47.3
2015-10-03 09:00:00+00:00,52.7
2015-10-03 12:00:00+00:00,44.4
2015-10-03 18:00:00+00:00,34.2
2015-10-03 21:00:00+00:00,28.2
2015-10-04 00:00:00+00:00,25.0
2015-10-04 03:00:00+00:00,41.7
2015-10-04 06:00:00+00:00,49.6
2015-10-04 09:00:00+00:00,50.5
2015-10-04 12:00:00+00:00,39.6
2015-10-04 18:00:00+00:00,36.0
2015-10-04 21:00:00+00:00,35.4
2015-10-05 00:00:00+00:00,35.1
2015-10-05 03:00:00+00:00,44.6
2015-10-05 06:00:00+00:00,52.9
2015-10-05 09:00:00+00:00,43.9
2015-10-05 12:00:00+00:00,35.2
2015-10-05 18:00:00+00:00,31.6
2015-10-05 21:00:00+00:00,28.8
2015-10-06 00:00:00+00:00,24.6
2015-10-06 03:00:00+00:00,34.2
2015-10-06 06:00:00+00:00,45.0
2015-10-06 09:00:00+00:00,44.4
2015-10-06 12:00:00+00:00,38.8
2015-10-06 18:00:00+00:00,26.2
2015-10-06 21:00:00+00:00,22.6
2015-10-07 00:00:00+00:00,22.3
2015-10-07 03:00:00+00:00,39.4
2015-10-07 06:00:00+00:00,47.5
2015-10-07 09:00:00+00:00,45.1
2015-10-07 12:00:00+00:00,43.5
2015-10-07 18:00:00+00:00,35.1
2015-10-07 21:00:00+00:00,32.5
2015-10-08 00:00:00+00:00,29.5
2015-10-08 03:00:00+00:00,41.0
2015-10-08 06:00:00+00:00,43.3
2015-10-08 09:00:00+00:00,47.8
2015-10-08 12:00:00+00:00,42.3
2015-10-08 18:00:00+00:00,32.2
2015-10-08 21:00:00+00:00,24.3
2015-10-09 00:00:00+00:00,23.5
2015-10-09 03:00:00+00:00,35.8
2015-10-09 06:00:00+00:00,41.4
2015-10-09 09:00:00+00:00,41.9
2015-10-09 12:00:00+00:00,36.9
2015-10-09 18:00:00+00:00,22.6
2015-10-09 21:00:00+00:00,18.9
2015-10-10 00:00:00+00:00,16.3
2015-10-10 03:00:00+00:00,33.8
2015-10-10 06:00:00+00:00,40.1
2015-10-10 09:00:00+00:00,42.4
2015-10-10 12:00:00+00:00,36.1
2015-10-10 18:00:00+00:00,20.7
2015-10-10 21:00:00+00:00,17.6
2015-10-11 00:00:00+00:00,14.9
2015-10-11 03:00:00+00:00,32.2
2015-10-11 06:00:00+00:00,42.3
2015-10-11 09:00:00+00:00,44.4
2015-10-11 12:00:00+00:00,36.3
2015-10-11 18:00:00+00:00,20.5
2015-10-11 21:00:00+00:00,17.1
2015-10-12 00:00:00+00:00,14.9
2015-10-12 03:00:00+00:00,32.0
2015-10-12 06:00:00+00:00,44.4
2015-10-12 09:00:00+00:00,46.2
2015-10-12 12:00:00+00:00,37.0
2015-10-12 18:00:00+00:00,22.6
2015-10-12 21:00:00+00:00,16.3
2015-10-13 00:00:00+00:00,14.2
2015-10-13 03:00:00+00:00,33.8
2015-10-13 12:00:00+00:00,34.5
2015-10-13 18:00:00+00:00,17.8
2015-10-13 21:00:00+00:00,15.3
2015-10-14 00:00:00+00:00,12.4
2015-10-14 03:00:00+00:00,32.9
2015-10-14 06:00:00+00:00,45.3
2015-10-14 09:00:00+00:00,49.5
2015-10-14 12:00:00+00:00,35.6
2015-10-14 18:00:00+00:00,20.3
2015-10-14 21:00:00+00:00,16.3
2015-10-15 00:00:00+00:00,14.0
2015-10-15 03:00:00+00:00,33.1
2015-10-15 06:00:00+00:00,50.0
2015-10-15 09:00:00+00:00,46.0
2015-10-15 12:00:00+00:00,37.0
2015-10-15 18:00:00+00:00,27.9
2015-10-15 21:00:00+00:00,25.0
2015-10-16 00:00:00+00:00,24.3
2015-10-16 03:00:00+00:00,43.0
2015-10-16 06:00:00+00:00,49.3
2015-10-16 09:00:00+00:00,43.2
2015-10-16 12:00:00+00:00,27.7
2015-10-16 18:00:00+00:00,23.4
2015-10-16 21:00:00+00:00,20.1
2015-10-17 00:00:00+00:00,16.9
2015-10-17 03:00:00+00:00,22.6
2015-10-17 06:00:00+00:00,33.1
2015-10-17 09:00:00+00:00,37.4
2015-10-17 12:00:00+00:00,29.3
2015-10-17 18:00:00+00:00,17.8
2015-10-17 21:00:00+00:00,14.5
2015-10-18 00:00:00+00:00,11.7
2015-10-18 03:00:00+00:00,26.4
2015-10-18 06:00:00+00:00,39.9
2015-10-18 09:00:00+00:00,43.5
2015-10-18 12:00:00+00:00,32.0
2015-10-18 18:00:00+00:00,21.0
2015-10-18 21:00:00+00:00,18.1
2015-10-19 00:00:00+00:00,14.5
2015-10-19 03:00:00+00:00,33.4
2015-10-19 06:00:00+00:00,45.5
2015-10-19 09:00:00+00:00,49.5
2015-10-19 12:00:00+00:00,37.0
2015-10-19 18:00:00+00:00,28.2
2015-10-19 21:00:00+00:00,23.9
2015-10-20 00:00:00+00:00,20.7
2015-10-20 03:00:00+00:00,41.9
2015-10-20 06:00:00+00:00,51.6
2015-10-20 09:00:00+00:00,46.8
2015-10-20 12:00:00+00:00,43.7
2015-10-20 18:00:00+00:00,30.7
2015-10-20 21:00:00+00:00,26.2
2015-10-21 00:00:00+00:00,25.2
2015-10-21 03:00:00+00:00,44.4
2015-10-21 06:00:00+00:00,50.5
2015-10-21 09:00:00+00:00,50.2
2015-10-21 12:00:00+00:00,42.1
2015-10-21 18:00:00+00:00,24.3
2015-10-21 21:00:00+00:00,21.0
2015-10-22 00:00:00+00:00,17.8
2015-10-22 03:00:00+00:00,36.7
2015-10-22 06:00:00+00:00,45.0
2015-10-22 09:00:00+00:00,45.3
2015-10-22 12:00:00+00:00,39.4
2015-10-22 18:00:00+00:00,29.3
2015-10-22 21:00:00+00:00,26.8
2015-10-23 00:00:00+00:00,24.8
2015-10-23 03:00:00+00:00,36.0
2015-10-23 06:00:00+00:00,44.2
2015-10-23 09:00:00+00:00,43.3
2015-10-23 12:00:00+00:00,31.3
2015-10-23 18:00:00+00:00,32.2
2015-10-23 21:00:00+00:00,26.4
2015-10-24 00:00:00+00:00,23.9
2015-10-24 03:00:00+00:00,37.4
2015-10-24 06:00:00+00:00,40.1
2015-10-24 09:00:00+00:00,40.8
2015-10-24 12:00:00+00:00,30.6
2015-10-24 18:00:00+00:00,18.9
2015-10-24 21:00:00+00:00,20.3
2015-10-25 00:00:00+00:00,18.7
2015-10-25 03:00:00+00:00,33.8
2015-10-25 06:00:00+00:00,46.9
2015-10-25 09:00:00+00:00,39.7
2015-10-25 12:00:00+00:00,34.9
2015-10-25 18:00:00+00:00,22.6
2015-10-25 21:00:00+00:00,17.6
2015-10-26 00:00:00+00:00,21.4
2015-10-26 03:00:00+00:00,24.6
2015-10-26 06:00:00+00:00,39.6
2015-10-26 09:00:00+00:00,41.5
2015-10-26 12:00:00+00:00,34.9
2015-10-26 18:00:00+00:00,29.5
2015-10-26 21:00:00+00:00,25.7
2015-10-27 00:00:00+00:00,26.4
2015-10-27 03:00:00+00:00,39.4
2015-10-27 06:00:00+00:00,45.5
2015-10-27 09:00:00+00:00,45.3
2015-10-27 12:00:00+00:00,40.3
2015-10-27 18:00:00+00:00,24.3
2015-10-27 21:00:00+00:00,20.5
2015-10-28 00:00:00+00:00,18.5
2015-10-28 03:00:00+00:00,37.8
2015-10-28 06:00:00+00:00,45.0
2015-10-28 09:00:00+00:00,45.1
2015-10-28 12:00:00+00:00,32.7
2015-10-28 18:00:00+00:00,14.7
2015-10-28 21:00:00+00:00,16.5
2015-10-29 00:00:00+00:00,16.5
2015-10-29 03:00:00+00:00,32.7
2015-10-29 06:00:00+00:00,41.0
2015-10-29 09:00:00+00:00,42.6
2015-10-29 12:00:00+00:00,30.6
2015-10-29 18:00:00+00:00,15.3
2015-10-29 21:00:00+00:00,12.9
2015-10-30 00:00:00+00:00,10.9
2015-10-30 03:00:00+00:00,32.7
2015-10-30 06:00:00+00:00,38.1
2015-10-30 09:00:00+00:00,38.7
2015-10-30 12:00:00+00:00,28.2
2015-10-30 18:00:00+00:00,14.0
2015-10-30 21:00:00+00:00,10.2
2015-10-31 00:00:00+00:00,9.5
2015-10-31 03:00:00+00:00,27.7
2015-10-31 06:00:00+00:00,37.2
2015-10-31 09:00:00+00:00,41.4
2015-10-31 12:00:00+00:00,25.7
2015-10-31 18:00:00+00:00,13.3
2015-10-31 21:00:00+00:00,10.0
2015-11-01 00:00:00+00:00,7.2
2015-11-01 03:00:00+00:00,26.8
2015-11-01 06:00:00+00:00,42.6
2015-11-01 09:00:00+00:00,43.0
2015-11-01 12:00:00+00:00,27.5
2015-11-01 18:00:00+00:00,15.1
2015-11-01 21:00:00+00:00,12.0
2015-11-02 00:00:00+00:00,8.4
2015-11-02 03:00:00+00:00,29.7
2015-11-02 06:00:00+00:00,43.9
2015-11-02 09:00:00+00:00,44.4
2015-11-02 12:00:00+00:00,31.8
2015-11-02 18:00:00+00:00,18.3
2015-11-02 21:00:00+00:00,17.1
2015-11-03 00:00:00+00:00,12.0
2015-11-03 03:00:00+00:00,33.1
2015-11-03 06:00:00+00:00,42.3
2015-11-03 09:00:00+00:00,40.3
2015-11-03 12:00:00+00:00,31.8
2015-11-03 18:00:00+00:00,22.6
2015-11-03 21:00:00+00:00,23.2
2015-11-04 00:00:00+00:00,14.9
2015-11-04 03:00:00+00:00,37.4
2015-11-04 06:00:00+00:00,42.3
2015-11-04 09:00:00+00:00,36.0
2015-11-04 12:00:00+00:00,29.5
2015-11-04 18:00:00+00:00,23.0
2015-11-04 21:00:00+00:00,18.1
2015-11-05 00:00:00+00:00,16.7
2015-11-05 03:00:00+00:00,29.5
2015-11-05 06:00:00+00:00,36.9
2015-11-05 09:00:00+00:00,32.2
2015-11-05 12:00:00+00:00,32.9
2015-11-05 18:00:00+00:00,15.3
2015-11-05 21:00:00+00:00,11.3
2015-11-06 00:00:00+00:00,11.1
2015-11-06 03:00:00+00:00,27.5
2015-11-06 06:00:00+00:00,39.0
2015-11-06 09:00:00+00:00,35.2
2015-11-06 12:00:00+00:00,27.5
2015-11-06 18:00:00+00:00,14.2
2015-11-06 21:00:00+00:00,14.4
2015-11-07 00:00:00+00:00,11.1
2015-11-07 03:00:00+00:00,25.0
2015-11-07 06:00:00+00:00,31.3
2015-11-07 09:00:00+00:00,31.1
2015-11-07 12:00:00+00:00,23.2
2015-11-07 18:00:00+00:00,10.0
2015-11-07 21:00:00+00:00,6.4
2015-11-08 00:00:00+00:00,6.4
2015-11-08 03:00:00+00:00,26.1
2015-11-08 06:00:00+00:00,38.7
2015-11-08 09:00:00+00:00,38.5
2015-11-08 12:00:00+00:00,34.9
2015-11-08 18:00:00+00:00,33.3
2015-11-08 21:00:00+00:00,29.5
2015-11-09 00:00:00+00:00,23.2
2015-11-09 03:00:00+00:00,36.9
2015-11-09 06:00:00+00:00,38.3
2015-11-09 09:00:00+00:00,36.5
2015-11-09 12:00:00+00:00,33.4
2015-11-09 18:00:00+00:00,19.2
2015-11-09 21:00:00+00:00,12.0
2015-11-10 00:00:00+00:00,9.1
2015-11-10 03:00:00+00:00,25.9
2015-11-10 06:00:00+00:00,36.7
2015-11-10 09:00:00+00:00,36.1
2015-11-10 12:00:00+00:00,29.3
2015-11-10 18:00:00+00:00,21.2
2015-11-10 21:00:00+00:00,14.2
2015-11-11 00:00:00+00:00,11.8
2015-11-11 03:00:00+00:00,16.5
2015-11-11 06:00:00+00:00,30.6
2015-11-11 09:00:00+00:00,34.7
2015-11-11 12:00:00+00:00,25.9
2015-11-11 18:00:00+00:00,11.1
2015-11-11 21:00:00+00:00,12.2
2015-11-12 00:00:00+00:00,7.5
2015-11-12 03:00:00+00:00,22.5
2015-11-12 06:00:00+00:00,31.1
2015-11-12 09:00:00+00:00,34.9
2015-11-12 12:00:00+00:00,22.1
2015-11-12 18:00:00+00:00,10.8
2015-11-12 21:00:00+00:00,6.3
2015-11-13 00:00:00+00:00,2.8
2015-11-13 03:00:00+00:00,19.6
2015-11-13 06:00:00+00:00,38.5
2015-11-13 09:00:00+00:00,42.8
2015-11-13 12:00:00+00:00,36.0
2015-11-13 18:00:00+00:00,27.1
2015-11-13 21:00:00+00:00,24.4
2015-11-14 00:00:00+00:00,20.7
2015-11-14 03:00:00+00:00,36.7
2015-11-14 06:00:00+00:00,39.2
2015-11-14 09:00:00+00:00,40.1
2015-11-14 12:00:00+00:00,35.4
2015-11-14 18:00:00+00:00,16.5
2015-11-14 21:00:00+00:00,12.0
2015-11-15 00:00:00+00:00,8.8
2015-11-15 03:00:00+00:00,24.1
2015-11-15 06:00:00+00:00,36.9
2015-11-15 09:00:00+00:00,41.9
2015-11-15 12:00:00+00:00,27.9
2015-11-15 18:00:00+00:00,11.7
2015-11-15 21:00:00+00:00,7.5
2015-11-16 00:00:00+00:00,3.0
2015-11-16 03:00:00+00:00,22.1
2015-11-16 06:00:00+00:00,42.6
2015-11-16 09:00:00+00:00,40.3
2015-11-16 12:00:00+00:00,31.3
2015-11-16 18:00:00+00:00,14.7
2015-11-16 21:00:00+00:00,9.5
2015-11-17 00:00:00+00:00,9.5
2015-11-17 03:00:00+00:00,23.9
2015-11-17 06:00:00+00:00,31.5
2015-11-17 09:00:00+00:00,34.9
2015-11-17 12:00:00+00:00,20.8
2015-11-17 18:00:00+00:00,7.9
2015-11-17 21:00:00+00:00,3.9
2015-11-18 00:00:00+00:00,0.9
2015-11-18 03:00:00+00:00,19.4
2015-11-18 06:00:00+00:00,33.1
2015-11-18 09:00:00+00:00,35.4
2015-11-18 12:00:00+00:00,23.0
2015-11-18 18:00:00+00:00,9.5
2015-11-18 21:00:00+00:00,9.3
2015-11-19 00:00:00+00:00,3.6
2015-11-19 03:00:00+00:00,25.2
2015-11-19 06:00:00+00:00,36.7
2015-11-19 09:00:00+00:00,40.1
2015-11-19 12:00:00+00:00,28.9
2015-11-19 18:00:00+00:00,11.7
2015-11-19 21:00:00+00:00,10.8
2015-11-20 00:00:00+00:00,5.9
2015-11-20 03:00:00+00:00,22.3
2015-11-20 06:00:00+00:00,37.6
2015-11-20 09:00:00+00:00,44.2
2015-11-20 12:00:00+00:00,24.6
2015-11-20 18:00:00+00:00,14.0
2015-11-20 21:00:00+00:00,9.1
2015-11-21 00:00:00+00:00,5.4
2015-11-21 03:00:00+00:00,23.2
2015-11-21 06:00:00+00:00,42.3
2015-11-21 09:00:00+00:00,42.8
2015-11-21 12:00:00+00:00,27.5
2015-11-21 18:00:00+00:00,12.2
2015-11-21 21:00:00+00:00,9.5
2015-11-22 00:00:00+00:00,4.8
2015-11-22 03:00:00+00:00,21.9
2015-11-22 06:00:00+00:00,43.7
2015-11-22 09:00:00+00:00,46.9
2015-11-22 12:00:00+00:00,28.9
2015-11-22 18:00:00+00:00,14.2
2015-11-22 21:00:00+00:00,9.9
2015-11-23 00:00:00+00:00,5.4
2015-11-23 03:00:00+00:00,25.9
2015-11-23 06:00:00+00:00,45.1
2015-11-23 09:00:00+00:00,44.8
2015-11-23 12:00:00+00:00,37.4
2015-11-23 18:00:00+00:00,22.6
2015-11-23 21:00:00+00:00,17.2
2015-11-24 00:00:00+00:00,19.2
2015-11-24 03:00:00+00:00,23.5
2015-11-24 06:00:00+00:00,31.1
2015-11-24 09:00:00+00:00,28.8
2015-11-24 12:00:00+00:00,20.7
2015-11-24 18:00:00+00:00,12.0
2015-11-24 21:00:00+00:00,6.6
2015-11-25 00:00:00+00:00,2.7
2015-11-25 03:00:00+00:00,17.4
2015-11-25 06:00:00+00:00,31.3
2015-11-25 09:00:00+00:00,37.4
2015-11-25 12:00:00+00:00,21.9
2015-11-25 18:00:00+00:00,9.9
2015-11-25 21:00:00+00:00,5.7
2015-11-26 00:00:00+00:00,1.6
2015-11-26 03:00:00+00:00,18.3
2015-11-26 06:00:00+00:00,32.9
2015-11-26 09:00:00+00:00,34.0
2015-11-26 12:00:00+00:00,23.7
2015-11-26 18:00:00+00:00,17.1
2015-11-26 21:00:00+00:00,11.8
2015-11-27 00:00:00+00:00,12.7
2015-11-27 03:00:00+00:00,21.0
2015-11-27 06:00:00+00:00,33.3
2015-11-27 09:00:00+00:00,34.0
2015-11-27 12:00:00+00:00,25.2
2015-11-27 18:00:00+00:00,17.4
2015-11-27 21:00:00+00:00,14.9
2015-11-28 00:00:00+00:00,10.8
2015-11-28 03:00:00+00:00,18.5
2015-11-28 06:00:00+00:00,24.8
2015-11-28 09:00:00+00:00,29.5
2015-11-28 12:00:00+00:00,17.4
2015-11-28 18:00:00+00:00,5.0
2015-11-28 21:00:00+00:00,1.6
2015-11-29 00:00:00+00:00,-2.0
2015-11-29 03:00:00+00:00,13.5
2015-11-29 06:00:00+00:00,32.5
2015-11-29 09:00:00+00:00,36.3
2015-11-29 12:00:00+00:00,18.5
2015-11-29 18:00:00+00:00,5.4
2015-11-29 21:00:00+00:00,1.8
2015-11-30 00:00:00+00:00,-0.8
2015-11-30 03:00:00+00:00,16.5
2015-11-30 06:00:00+00:00,32.9
2015-11-30 09:00:00+00:00,37.2
2015-11-30 12:00:00+00:00,18.0
2015-11-30 18:00:00+00:00,4.1
2015-11-30 21:00:00+00:00,1.6
2015-12-01 00:00:00+00:00,-1.7
2015-12-01 03:00:00+00:00,16.2
2015-12-01 06:00:00+00:00,29.5
2015-12-01 09:00:00+00:00,30.7
2015-12-01 12:00:00+00:00,15.4
2015-12-01 18:00:00+00:00,2.1
2015-12-01 21:00:00+00:00,-1.8
2015-12-02 00:00:00+00:00,-5.3
2015-12-02 03:00:00+00:00,10.6
2015-12-02 06:00:00+00:00,26.8
2015-12-02 09:00:00+00:00,30.7
2015-12-02 12:00:00+00:00,14.7
2015-12-02 18:00:00+00:00,1.2
2015-12-02 21:00:00+00:00,-1.8
2015-12-03 00:00:00+00:00,-5.4
2015-12-03 03:00:00+00:00,11.5
2015-12-03 06:00:00+00:00,24.4
2015-12-03 09:00:00+00:00,29.7
2015-12-03 12:00:00+00:00,14.9
2015-12-03 18:00:00+00:00,10.0
2015-12-03 21:00:00+00:00,2.3
2015-12-04 00:00:00+00:00,-2.4
2015-12-04 03:00:00+00:00,13.6
2015-12-04 06:00:00+00:00,23.9
2015-12-04 09:00:00+00:00,27.5
2015-12-04 12:00:00+00:00,17.6
2015-12-04 18:00:00+00:00,14.0
2015-12-04 21:00:00+00:00,5.9
2015-12-05 00:00:00+00:00,1.0
2015-12-05 03:00:00+00:00,18.5
2015-12-05 06:00:00+00:00,25.5
2015-12-05 09:00:00+00:00,25.2
2015-12-05 12:00:00+00:00,18.1
2015-12-05 18:00:00+00:00,5.2
2015-12-05 21:00:00+00:00,0.9
2015-12-06 00:00:00+00:00,-2.6
2015-12-06 03:00:00+00:00,11.8
2015-12-06 06:00:00+00:00,27.1
2015-12-06 09:00:00+00:00,32.5
2015-12-06 12:00:00+00:00,14.5
2015-12-06 18:00:00+00:00,3.9
2015-12-06 21:00:00+00:00,-0.0
2015-12-07 00:00:00+00:00,-0.2
2015-12-07 03:00:00+00:00,12.7
2015-12-07 06:00:00+00:00,27.3
2015-12-07 09:00:00+00:00,28.6
2015-12-07 12:00:00+00:00,17.1
2015-12-07 18:00:00+00:00,2.1
2015-12-07 21:00:00+00:00,-1.5
2015-12-08 00:00:00+00:00,-5.1
2015-12-08 03:00:00+00:00,10.2
2015-12-08 06:00:00+00:00,27.1
2015-12-08 09:00:00+00:00,27.5
2015-12-08 12:00:00+00:00,14.2
2015-12-08 18:00:00+00:00,11.7
2015-12-08 21:00:00+00:00,4.1
2015-12-09 00:00:00+00:00,-1.1
2015-12-09 03:00:00+00:00,15.3
2015-12-09 06:00:00+00:00,27.5
2015-12-09 09:00:00+00:00,32.0
2015-12-09 12:00:00+00:00,19.4
2015-12-09 18:00:00+00:00,5.4
2015-12-09 21:00:00+00:00,5.9
2015-12-10 00:00:00+00:00,6.1
2015-12-10 03:00:00+00:00,13.1
2015-12-10 06:00:00+00:00,31.5
2015-12-10 09:00:00+00:00,32.4
2015-12-10 12:00:00+00:00,21.0
2015-12-10 18:00:00+00:00,6.1
2015-12-10 21:00:00+00:00,2.1
2015-12-11 00:00:00+00:00,-0.9
2015-12-11 03:00:00+00:00,14.0
2015-12-11 06:00:00+00:00,34.0
2015-12-11 09:00:00+00:00,38.3
2015-12-11 12:00:00+00:00,22.1
2015-12-11 18:00:00+00:00,16.7
2015-12-11 21:00:00+00:00,13.3
2015-12-12 00:00:00+00:00,11.8
2015-12-12 03:00:00+00:00,19.8
2015-12-12 06:00:00+00:00,30.9
2015-12-12 09:00:00+00:00,29.8
2015-12-12 12:00:00+00:00,26.4
2015-12-12 18:00:00+00:00,10.0
2015-12-12 21:00:00+00:00,-0.0
2015-12-13 00:00:00+00:00,-6.5
2015-12-13 03:00:00+00:00,11.3
2015-12-13 06:00:00+00:00,19.8
2015-12-13 09:00:00+00:00,26.6
2015-12-13 12:00:00+00:00,16.0
2015-12-13 18:00:00+00:00,0.7
2015-12-13 21:00:00+00:00,-2.0
2015-12-14 00:00:00+00:00,-1.5
2015-12-14 03:00:00+00:00,5.4
2015-12-14 06:00:00+00:00,17.8
2015-12-14 09:00:00+00:00,19.4
2015-12-14 12:00:00+00:00,16.3
2015-12-14 18:00:00+00:00,2.3
2015-12-14 21:00:00+00:00,-3.1
2015-12-15 00:00:00+00:00,-2.2
2015-12-15 03:00:00+00:00,7.0
2015-12-15 06:00:00+00:00,18.1
2015-12-15 09:00:00+00:00,18.0
2015-12-15 12:00:00+00:00,12.2
2015-12-15 18:00:00+00:00,-0.8
2015-12-15 21:00:00+00:00,-1.5
2015-12-16 00:00:00+00:00,-2.4
2015-12-16 03:00:00+00:00,5.9
2015-12-16 06:00:00+00:00,22.6
2015-12-16 09:00:00+00:00,22.1
2015-12-16 12:00:00+00:00,7.5
2015-12-16 18:00:00+00:00,-3.8
2015-12-16 21:00:00+00:00,-8.0
2015-12-17 00:00:00+00:00,-9.6
2015-12-17 03:00:00+00:00,2.8
2015-12-17 06:00:00+00:00,19.2
2015-12-17 09:00:00+00:00,26.1
2015-12-17 12:00:00+00:00,13.1
2015-12-17 18:00:00+00:00,3.6
2015-12-17 21:00:00+00:00,1.8
2015-12-18 00:00:00+00:00,3.6
2015-12-18 03:00:00+00:00,8.8
2015-12-18 06:00:00+00:00,20.1
2015-12-18 09:00:00+00:00,20.3
2015-12-18 12:00:00+00:00,13.5
2015-12-18 18:00:00+00:00,6.3
2015-12-18 21:00:00+00:00,4.6
2015-12-19 00:00:00+00:00,-5.3
2015-12-19 03:00:00+00:00,7.2
2015-12-19 06:00:00+00:00,18.1
2015-12-19 09:00:00+00:00,17.4
2015-12-19 12:00:00+00:00,12.0
2015-12-19 18:00:00+00:00,7.2
2015-12-19 21:00:00+00:00,5.0
2015-12-20 00:00:00+00:00,6.1
2015-12-20 03:00:00+00:00,11.1
2015-12-20 06:00:00+00:00,22.6
2015-12-20 09:00:00+00:00,23.7
2015-12-20 12:00:00+00:00,17.2
2015-12-20 18:00:00+00:00,5.0
2015-12-20 21:00:00+00:00,1.0
2015-12-21 00:00:00+00:00,-1.7
2015-12-21 03:00:00+00:00,9.3
2015-12-21 06:00:00+00:00,20.7
2015-12-21 09:00:00+00:00,19.2
2015-12-21 12:00:00+00:00,10.9
2015-12-21 18:00:00+00:00,-4.7
2015-12-21 21:00:00+00:00,-8.7
2015-12-22 00:00:00+00:00,-12.6
2015-12-22 03:00:00+00:00,2.3
2015-12-22 06:00:00+00:00,22.8
2015-12-22 09:00:00+00:00,22.5
2015-12-22 12:00:00+00:00,16.7
2015-12-22 18:00:00+00:00,1.9
2015-12-22 21:00:00+00:00,2.3
2015-12-23 00:00:00+00:00,2.8
2015-12-23 03:00:00+00:00,7.7
2015-12-23 06:00:00+00:00,19.2
2015-12-23 09:00:00+00:00,19.2
2015-12-23 12:00:00+00:00,7.5
2015-12-23 18:00:00+00:00,-1.7
2015-12-23 21:00:00+00:00,-2.4
2015-12-24 00:00:00+00:00,0.1
2015-12-24 03:00:00+00:00,8.4
2015-12-24 06:00:00+00:00,14.5
2015-12-24 09:00:00+00:00,17.4
2015-12-24 12:00:00+00:00,9.5
2015-12-24 21:00:00+00:00,-1.3
2015-12-25 00:00:00+00:00,-2.7
2015-12-25 03:00:00+00:00,5.7
2015-12-25 06:00:00+00:00,12.2
2015-12-25 09:00:00+00:00,15.1
2015-12-25 12:00:00+00:00,6.8
2015-12-25 18:00:00+00:00,-7.1
2015-12-25 21:00:00+00:00,-10.5
2015-12-26 00:00:00+00:00,-15.9
2015-12-26 03:00:00+00:00,0.1
2015-12-26 06:00:00+00:00,19.6
2015-12-26 09:00:00+00:00,22.1
2015-12-26 12:00:00+00:00,15.4
2015-12-26 18:00:00+00:00,4.8
2015-12-26 21:00:00+00:00,4.1
2015-12-27 00:00:00+00:00,1.8
2015-12-27 03:00:00+00:00,10.9
2015-12-27 06:00:00+00:00,26.1
2015-12-27 09:00:00+00:00,28.6
2015-12-27 12:00:00+00:00,21.7
2015-12-27 18:00:00+00:00,20.3
2015-12-27 21:00:00+00:00,16.7
2015-12-28 00:00:00+00:00,14.9
2015-12-28 03:00:00+00:00,18.7
2015-12-28 06:00:00+00:00,28.0
2015-12-28 09:00:00+00:00,26.1
2015-12-28 12:00:00+00:00,18.0
2015-12-28 18:00:00+00:00,8.4
2015-12-28 21:00:00+00:00,4.3
2015-12-29 00:00:00+00:00,1.0
2015-12-29 03:00:00+00:00,12.0
2015-12-29 06:00:00+00:00,26.2
2015-12-29 09:00:00+00:00,23.0
2015-12-29 12:00:00+00:00,19.8
2015-12-29 18:00:00+00:00,1.0
2015-12-29 21:00:00+00:00,-3.1
2015-12-30 00:00:00+00:00,-6.7
2015-12-30 03:00:00+00:00,6.4
2015-12-30 06:00:00+00:00,21.7
2015-12-30 09:00:00+00:00,29.7
2015-12-30 12:00:00+00:00,12.7
2015-12-30 18:00:00+00:00,-0.6
2015-12-30 21:00:00+00:00,-2.4
2015-12-31 00:00:00+00:00,-0.6
2015-12-31 03:00:00+00:00,6.8
2015-12-31 06:00:00+00:00,20.8
2015-12-31 09:00:00+00:00,26.4
2015-12-31 12:00:00+00:00,17.2
2015-12-31 18:00:00+00:00,-1.7
2015-12-31 21:00:00+00:00,-5.6
